# Sao Paulo Mirante (A701), -23.496289, -46.620067, 785.64 m
# date,°C,%,hPa,mm,m/s,degree
date,tc,rh,pr,rr,ws,wd
2024-08-01 00:00:00-03:00,16.3,83.0,934.3,0.0,2.2,122.0
2024-08-01 01:00:00-03:00,16.1,83.0,934.0,0.0,2.4,106.0
2024-08-01 02:00:00-03:00,15.9,85.0,933.6,0.0,2.7,112.0
2024-08-01 03:00:00-03:00,15.8,85.0,933.3,0.0,2.8,118.0
2024-08-01 04:00:00-03:00,15.8,84.0,933.2,0.0,2.8,122.0
2024-08-01 05:00:00-03:00,15.6,84.0,933.3,0.0,3.1,126.0
2024-08-01 06:00:00-03:00,15.6,85.0,933.8,0.0,2.2,121.0
2024-08-01 07:00:00-03:00,15.1,87.0,934.2,0.0,2.6,125.0
2024-08-01 08:00:00-03:00,15.6,84.0,934.7,0.0,1.8,122.0
2024-08-01 09:00:00-03:00,16.1,82.0,935.3,0.0,1.8,110.0
2024-08-01 10:00:00-03:00,16.8,77.0,935.7,0.0,2.0,143.0
2024-08-01 11:00:00-03:00,19.1,66.0,935.2,0.0,1.8,107.0
2024-08-01 12:00:00-03:00,21.2,55.0,934.2,0.0,2.1,124.0
2024-08-01 13:00:00-03:00,23.7,46.0,933.1,0.0,1.6,134.0
2024-08-01 14:00:00-03:00,24.8,42.0,932.4,0.0,2.2,149.0
2024-08-01 15:00:00-03:00,25.3,21.0,931.9,0.0,2.1,120.0
2024-08-01 16:00:00-03:00,25.2,22.0,931.7,0.0,1.3,163.0
2024-08-01 17:00:00-03:00,23.3,49.0,931.9,0.0,1.4,194.0
2024-08-01 18:00:00-03:00,20.1,65.0,932.3,0.0,1.2,208.0
2024-08-01 19:00:00-03:00,17.8,76.0,932.8,0.0,1.5,209.0
2024-08-01 20:00:00-03:00,16.8,81.0,933.2,0.0,0.5,217.0
2024-08-01 21:00:00-03:00,16.5,83.0,933.6,0.0,0.9,181.0
2024-08-01 22:00:00-03:00,16.3,84.0,933.7,0.0,1.5,148.0
2024-08-01 23:00:00-03:00,15.8,84.0,933.6,0.0,1.5,129.0
2024-08-02 00:00:00-03:00,15.7,79.0,933.4,0.0,2.1,123.0
2024-08-02 01:00:00-03:00,15.4,78.0,933.2,0.0,2.6,116.0
2024-08-02 02:00:00-03:00,14.9,81.0,932.8,0.0,2.7,121.0
2024-08-02 03:00:00-03:00,14.6,85.0,932.4,0.0,2.0,123.0
2024-08-02 04:00:00-03:00,14.4,85.0,932.2,0.0,1.3,115.0
2024-08-02 05:00:00-03:00,14.4,86.0,932.5,0.0,1.6,124.0
2024-08-02 06:00:00-03:00,14.4,87.0,933.0,0.0,2.7,124.0
2024-08-02 07:00:00-03:00,14.4,87.0,933.6,0.0,1.9,113.0
2024-08-02 08:00:00-03:00,15.4,82.0,934.2,0.0,2.0,120.0
2024-08-02 09:00:00-03:00,16.8,74.0,934.8,0.0,2.6,116.0
2024-08-02 10:00:00-03:00,19.4,66.0,934.9,0.0,1.7,112.0
2024-08-02 11:00:00-03:00,21.3,58.0,934.3,0.0,2.1,121.0
2024-08-02 12:00:00-03:00,23.1,47.0,933.2,0.0,2.0,121.0
2024-08-02 13:00:00-03:00,24.2,42.0,932.1,0.0,1.5,114.0
2024-08-02 14:00:00-03:00,25.5,34.0,931.2,0.0,1.4,140.0
2024-08-02 15:00:00-03:00,25.7,31.0,930.6,0.0,0.6,101.0
2024-08-02 16:00:00-03:00,26.1,32.0,930.4,0.0,0.5,147.0
2024-08-02 17:00:00-03:00,24.2,39.0,930.4,0.0,1.6,146.0
2024-08-02 18:00:00-03:00,22.8,43.0,930.7,0.0,1.4,107.0
2024-08-02 19:00:00-03:00,21.6,50.0,930.9,0.0,1.3,87.0
2024-08-02 20:00:00-03:00,20.7,51.0,931.2,0.0,1.3,121.0
2024-08-02 21:00:00-03:00,20.0,52.0,931.3,0.0,1.7,115.0
2024-08-02 22:00:00-03:00,19.2,56.0,931.5,0.0,1.5,108.0
2024-08-02 23:00:00-03:00,18.7,57.0,931.4,0.0,1.9,105.0
2024-08-03 00:00:00-03:00,18.0,60.0,931.4,0.0,2.4,102.0
2024-08-03 01:00:00-03:00,17.3,62.0,931.5,0.0,1.6,111.0
2024-08-03 02:00:00-03:00,16.4,67.0,931.2,0.0,0.9,123.0
2024-08-03 03:00:00-03:00,15.9,69.0,931.0,0.0,1.4,140.0
2024-08-03 04:00:00-03:00,15.8,70.0,930.8,0.0,1.8,128.0
2024-08-03 05:00:00-03:00,15.4,71.0,931.1,0.0,2.0,119.0
2024-08-03 06:00:00-03:00,14.9,73.0,931.7,0.0,2.4,118.0
2024-08-03 07:00:00-03:00,14.9,75.0,932.3,0.0,1.8,111.0
2024-08-03 08:00:00-03:00,16.6,69.0,933.0,0.0,2.6,121.0
2024-08-03 09:00:00-03:00,19.4,58.0,933.5,0.0,1.8,109.0
2024-08-03 10:00:00-03:00,21.2,50.0,933.5,0.0,1.9,116.0
2024-08-03 11:00:00-03:00,23.6,41.0,933.2,0.0,1.1,101.0
2024-08-03 12:00:00-03:00,25.2,36.0,932.3,0.0,1.7,92.0
2024-08-03 13:00:00-03:00,26.3,33.0,931.3,0.0,1.2,133.0
2024-08-03 14:00:00-03:00,27.6,27.0,930.4,0.0,1.7,18.0
2024-08-03 15:00:00-03:00,28.1,24.0,929.9,0.0,2.4,64.0
2024-08-03 16:00:00-03:00,28.0,24.0,929.7,0.0,1.9,13.0
2024-08-03 17:00:00-03:00,26.1,31.0,930.1,0.0,1.3,70.0
2024-08-03 18:00:00-03:00,24.0,40.0,930.4,0.0,1.2,78.0
2024-08-03 19:00:00-03:00,23.1,44.0,930.7,0.0,1.5,87.0
2024-08-03 20:00:00-03:00,21.9,46.0,931.0,0.0,0.9,82.0
2024-08-03 21:00:00-03:00,21.3,46.0,931.3,0.0,1.0,94.0
2024-08-03 22:00:00-03:00,20.2,52.0,931.4,0.0,0.2,104.0
2024-08-03 23:00:00-03:00,20.3,49.0,931.6,0.0,1.6,105.0
2024-08-04 00:00:00-03:00,18.9,54.0,931.7,0.0,0.2,112.0
2024-08-04 01:00:00-03:00,19.3,54.0,931.9,0.0,0.0,110.0
2024-08-04 02:00:00-03:00,18.4,57.0,931.5,0.0,0.1,51.0
2024-08-04 03:00:00-03:00,17.9,61.0,931.3,0.0,1.0,119.0
2024-08-04 04:00:00-03:00,17.0,66.0,931.3,0.0,0.0,109.0
2024-08-04 05:00:00-03:00,16.5,70.0,931.3,0.0,0.0,89.0
2024-08-04 06:00:00-03:00,16.6,71.0,931.9,0.0,0.8,117.0
2024-08-04 07:00:00-03:00,16.5,75.0,932.6,0.0,1.1,118.0
2024-08-04 08:00:00-03:00,19.0,70.0,933.1,0.0,0.9,112.0
2024-08-04 09:00:00-03:00,21.0,61.0,933.6,0.0,1.5,108.0
2024-08-04 10:00:00-03:00,23.4,53.0,933.7,0.0,1.1,119.0
2024-08-04 11:00:00-03:00,26.1,46.0,933.0,0.0,0.5,144.0
2024-08-04 12:00:00-03:00,26.5,32.0,932.2,0.0,2.6,13.0
2024-08-04 13:00:00-03:00,27.9,30.0,931.2,0.0,2.4,33.0
2024-08-04 14:00:00-03:00,27.9,26.0,930.5,0.0,3.2,49.0
2024-08-04 15:00:00-03:00,28.1,27.0,930.1,0.0,2.6,11.0
2024-08-04 16:00:00-03:00,27.4,28.0,930.0,0.0,2.4,341.0
2024-08-04 17:00:00-03:00,26.7,29.0,930.1,0.0,1.5,21.0
2024-08-04 18:00:00-03:00,25.0,35.0,930.4,0.0,0.5,345.0
2024-08-04 19:00:00-03:00,24.2,41.0,930.7,0.0,0.9,80.0
2024-08-04 20:00:00-03:00,23.2,49.0,931.0,0.0,1.1,83.0
2024-08-04 21:00:00-03:00,22.8,53.0,931.3,0.0,1.9,86.0
2024-08-04 22:00:00-03:00,21.7,59.0,931.6,0.0,1.3,113.0
2024-08-04 23:00:00-03:00,21.0,62.0,931.6,0.0,1.5,92.0
2024-08-05 00:00:00-03:00,20.6,64.0,931.4,0.0,1.3,115.0
2024-08-05 01:00:00-03:00,20.1,67.0,931.4,0.0,1.2,108.0
2024-08-05 02:00:00-03:00,19.7,69.0,931.1,0.0,1.2,104.0
2024-08-05 03:00:00-03:00,19.1,71.0,930.7,0.0,1.0,113.0
2024-08-05 04:00:00-03:00,18.4,73.0,930.7,0.0,0.2,108.0
2024-08-05 05:00:00-03:00,17.9,76.0,930.8,0.0,0.0,87.0
2024-08-05 06:00:00-03:00,17.3,79.0,931.2,0.0,0.0,136.0
2024-08-05 07:00:00-03:00,17.7,78.0,932.0,0.0,0.0,102.0
2024-08-05 08:00:00-03:00,20.3,66.0,932.4,0.0,1.0,121.0
2024-08-05 09:00:00-03:00,22.4,57.0,932.9,0.0,0.9,109.0
2024-08-05 10:00:00-03:00,24.4,48.0,933.0,0.0,0.7,124.0
2024-08-05 11:00:00-03:00,25.8,43.0,932.6,0.0,1.0,329.0
2024-08-05 12:00:00-03:00,27.3,32.0,931.8,0.0,2.5,1.0
2024-08-05 13:00:00-03:00,27.6,23.0,930.8,0.0,2.2,21.0
2024-08-05 14:00:00-03:00,28.4,24.0,930.0,0.0,2.5,4.0
2024-08-05 15:00:00-03:00,28.9,25.0,929.6,0.0,2.7,310.0
2024-08-05 16:00:00-03:00,28.7,25.0,929.7,0.0,1.0,340.0
2024-08-05 17:00:00-03:00,27.5,28.0,929.8,0.0,1.1,26.0
2024-08-05 18:00:00-03:00,25.3,33.0,930.0,0.0,0.2,314.0
2024-08-05 19:00:00-03:00,24.4,38.0,930.6,0.0,1.4,137.0
2024-08-05 20:00:00-03:00,23.2,45.0,931.0,0.0,1.3,124.0
2024-08-05 21:00:00-03:00,21.6,51.0,931.3,0.0,0.1,94.0
2024-08-05 22:00:00-03:00,20.9,55.0,931.3,0.0,0.0,79.0
2024-08-05 23:00:00-03:00,20.0,59.0,931.3,0.0,0.0,93.0
2024-08-06 00:00:00-03:00,19.6,60.0,931.1,0.0,0.6,132.0
2024-08-06 01:00:00-03:00,19.1,62.0,930.8,0.0,0.0,129.0
2024-08-06 02:00:00-03:00,18.3,65.0,930.4,0.0,0.0,98.0
2024-08-06 03:00:00-03:00,18.0,66.0,930.2,0.0,0.0,115.0
2024-08-06 04:00:00-03:00,17.8,65.0,930.0,0.0,0.4,99.0
2024-08-06 05:00:00-03:00,17.5,68.0,930.0,0.0,0.7,117.0
2024-08-06 06:00:00-03:00,17.0,69.0,930.1,0.0,0.0,123.0
2024-08-06 07:00:00-03:00,16.9,70.0,930.6,0.0,0.0,98.0
2024-08-06 08:00:00-03:00,20.5,57.0,931.0,0.0,0.7,145.0
2024-08-06 09:00:00-03:00,23.1,50.0,931.4,0.0,0.3,126.0
2024-08-06 10:00:00-03:00,24.5,41.0,931.4,0.0,1.3,111.0
2024-08-06 11:00:00-03:00,26.4,36.0,930.7,0.0,2.2,113.0
2024-08-06 12:00:00-03:00,27.5,34.0,929.8,0.0,1.6,306.0
2024-08-06 13:00:00-03:00,28.2,27.0,928.7,0.0,1.1,49.0
2024-08-06 14:00:00-03:00,28.8,25.0,927.8,0.0,1.1,53.0
2024-08-06 15:00:00-03:00,29.4,25.0,927.2,0.0,1.4,44.0
2024-08-06 16:00:00-03:00,28.6,26.0,926.9,0.0,1.3,39.0
2024-08-06 17:00:00-03:00,27.2,29.0,926.9,0.0,0.9,34.0
2024-08-06 18:00:00-03:00,25.2,38.0,927.2,0.0,1.3,74.0
2024-08-06 19:00:00-03:00,24.2,41.0,927.5,0.0,1.4,79.0
2024-08-06 20:00:00-03:00,22.6,46.0,927.8,0.0,0.6,105.0
2024-08-06 21:00:00-03:00,22.7,43.0,928.2,0.0,0.7,86.0
2024-08-06 22:00:00-03:00,22.7,45.0,928.4,0.0,1.9,86.0
2024-08-06 23:00:00-03:00,21.4,49.0,928.3,0.0,0.4,100.0
2024-08-07 00:00:00-03:00,20.9,51.0,928.0,0.0,0.7,80.0
2024-08-07 01:00:00-03:00,20.3,54.0,927.7,0.0,0.0,84.0
2024-08-07 02:00:00-03:00,20.0,55.0,927.2,0.0,0.4,77.0
2024-08-07 03:00:00-03:00,19.2,60.0,926.9,0.0,0.0,86.0
2024-08-07 04:00:00-03:00,18.4,63.0,926.6,0.0,0.0,114.0
2024-08-07 05:00:00-03:00,17.9,66.0,926.6,0.0,0.2,106.0
2024-08-07 06:00:00-03:00,17.5,67.0,926.8,0.0,0.0,114.0
2024-08-07 07:00:00-03:00,17.6,69.0,927.6,0.0,0.0,141.0
2024-08-07 08:00:00-03:00,20.1,59.0,928.0,0.0,0.8,183.0
2024-08-07 09:00:00-03:00,23.6,41.0,928.5,0.0,1.0,88.0
2024-08-07 10:00:00-03:00,24.5,34.0,928.4,0.0,1.3,183.0
2024-08-07 11:00:00-03:00,25.0,32.0,927.6,0.0,3.7,8.0
2024-08-07 12:00:00-03:00,26.5,28.0,926.9,0.0,3.5,14.0
2024-08-07 13:00:00-03:00,27.7,25.0,925.8,0.0,3.0,19.0
2024-08-07 14:00:00-03:00,27.9,25.0,924.9,0.0,3.0,346.0
2024-08-07 15:00:00-03:00,27.8,23.0,924.2,0.0,4.9,5.0
2024-08-07 16:00:00-03:00,27.6,24.0,923.9,0.0,3.5,32.0
2024-08-07 17:00:00-03:00,26.7,25.0,923.9,0.0,2.2,37.0
2024-08-07 18:00:00-03:00,25.3,28.0,924.2,0.0,1.6,41.0
2024-08-07 19:00:00-03:00,24.6,29.0,924.5,0.0,1.6,45.0
2024-08-07 20:00:00-03:00,24.1,30.0,925.1,0.0,1.4,41.0
2024-08-07 21:00:00-03:00,23.7,31.0,925.3,0.0,2.0,43.0
2024-08-07 22:00:00-03:00,23.2,32.0,925.5,0.0,1.6,51.0
2024-08-07 23:00:00-03:00,22.5,34.0,926.0,0.0,1.0,26.0
2024-08-08 00:00:00-03:00,21.3,38.0,926.1,0.0,0.4,342.0
2024-08-08 01:00:00-03:00,20.2,44.0,925.7,0.0,0.0,211.0
2024-08-08 02:00:00-03:00,21.2,38.0,925.3,0.0,1.6,5.0
2024-08-08 03:00:00-03:00,20.2,41.0,924.6,0.0,0.1,43.0
2024-08-08 04:00:00-03:00,19.9,43.0,924.1,0.0,0.3,119.0
2024-08-08 05:00:00-03:00,18.6,48.0,924.5,0.0,0.0,171.0
2024-08-08 06:00:00-03:00,20.6,40.0,924.8,0.0,0.8,4.0
2024-08-08 07:00:00-03:00,20.5,41.0,925.5,0.0,0.3,3.0
2024-08-08 08:00:00-03:00,20.9,44.0,925.1,0.0,1.3,74.0
2024-08-08 09:00:00-03:00,23.3,39.0,926.0,0.0,1.1,187.0
2024-08-08 10:00:00-03:00,25.0,31.0,926.2,0.0,2.0,346.0
2024-08-08 11:00:00-03:00,26.2,30.0,925.9,0.0,2.7,13.0
2024-08-08 12:00:00-03:00,27.2,28.0,925.3,0.0,4.6,356.0
2024-08-08 13:00:00-03:00,28.7,25.0,924.4,0.0,3.7,10.0
2024-08-08 14:00:00-03:00,28.7,23.0,923.9,0.0,3.8,12.0
2024-08-08 15:00:00-03:00,29.1,23.0,923.7,0.0,3.6,343.0
2024-08-08 16:00:00-03:00,28.7,24.0,923.7,0.0,2.3,18.0
2024-08-08 17:00:00-03:00,27.9,26.0,923.9,0.0,2.0,5.0
2024-08-08 18:00:00-03:00,27.0,28.0,924.5,0.0,1.2,302.0
2024-08-08 19:00:00-03:00,26.6,29.0,924.8,0.0,1.1,319.0
2024-08-08 20:00:00-03:00,25.7,32.0,925.2,0.0,1.4,62.0
2024-08-08 21:00:00-03:00,25.3,32.0,925.6,0.0,1.3,356.0
2024-08-08 22:00:00-03:00,23.8,37.0,925.9,0.0,0.1,280.0
2024-08-08 23:00:00-03:00,24.4,37.0,926.6,0.0,1.2,312.0
2024-08-09 00:00:00-03:00,23.5,41.0,926.7,0.0,1.0,299.0
2024-08-09 01:00:00-03:00,23.2,43.0,926.4,0.0,2.4,270.0
2024-08-09 02:00:00-03:00,21.9,53.0,925.9,0.0,1.9,258.0
2024-08-09 03:00:00-03:00,20.6,64.0,926.1,0.0,1.4,211.0
2024-08-09 04:00:00-03:00,19.7,66.0,926.8,0.0,1.5,264.0
2024-08-09 05:00:00-03:00,18.8,72.0,927.0,0.2,0.2,143.0
2024-08-09 06:00:00-03:00,19.3,68.0,925.9,0.0,2.3,93.0
2024-08-09 07:00:00-03:00,19.3,67.0,927.6,0.0,0.0,19.0
2024-08-09 08:00:00-03:00,19.6,69.0,927.7,0.0,1.4,10.0
2024-08-09 09:00:00-03:00,19.4,70.0,928.8,0.4,1.9,359.0
2024-08-09 10:00:00-03:00,19.1,69.0,929.5,0.0,3.2,334.0
2024-08-09 11:00:00-03:00,19.0,58.0,929.5,0.0,3.7,347.0
2024-08-09 12:00:00-03:00,17.2,71.0,928.7,0.2,2.4,32.0
2024-08-09 13:00:00-03:00,17.2,72.0,927.9,0.0,3.0,342.0
2024-08-09 14:00:00-03:00,16.7,74.0,927.0,0.0,4.4,3.0
2024-08-09 15:00:00-03:00,16.3,78.0,926.6,0.4,2.9,350.0
2024-08-09 16:00:00-03:00,16.4,79.0,926.6,0.0,2.1,355.0
2024-08-09 17:00:00-03:00,16.7,77.0,926.7,0.4,2.1,329.0
2024-08-09 18:00:00-03:00,16.3,80.0,927.0,0.2,1.8,336.0
2024-08-09 19:00:00-03:00,16.0,84.0,926.8,0.6,0.4,2.0
2024-08-09 20:00:00-03:00,15.7,86.0,927.1,1.0,0.0,71.0
2024-08-09 21:00:00-03:00,15.5,87.0,926.9,1.8,0.0,31.0
2024-08-09 22:00:00-03:00,13.1,91.0,927.9,7.4,2.0,241.0
2024-08-09 23:00:00-03:00,13.1,91.0,927.6,3.2,1.5,219.0
2024-08-10 00:00:00-03:00,12.7,91.0,927.0,4.0,1.9,208.0
2024-08-10 01:00:00-03:00,12.1,91.0,927.4,6.6,1.9,248.0
2024-08-10 02:00:00-03:00,11.6,91.0,927.1,4.2,2.3,207.0
2024-08-10 03:00:00-03:00,11.5,92.0,926.4,2.6,1.1,214.0
2024-08-10 04:00:00-03:00,10.6,91.0,926.4,3.6,2.1,217.0
2024-08-10 05:00:00-03:00,10.0,91.0,926.7,2.0,2.4,209.0
2024-08-10 06:00:00-03:00,9.8,91.0,927.8,1.0,1.3,263.0
2024-08-10 07:00:00-03:00,10.1,91.0,927.5,1.0,0.8,196.0
2024-08-10 08:00:00-03:00,10.2,91.0,928.6,1.2,0.3,230.0
2024-08-10 09:00:00-03:00,10.3,90.0,929.4,0.4,1.4,216.0
2024-08-10 10:00:00-03:00,10.4,89.0,929.9,1.6,2.4,218.0
2024-08-10 11:00:00-03:00,10.5,89.0,930.2,0.2,1.0,238.0
2024-08-10 12:00:00-03:00,11.3,84.0,929.7,0.2,1.6,218.0
2024-08-10 13:00:00-03:00,11.5,78.0,929.0,0.0,1.4,201.0
2024-08-10 14:00:00-03:00,13.0,72.0,928.4,0.0,0.4,157.0
2024-08-10 15:00:00-03:00,12.8,70.0,928.2,0.0,1.4,173.0
2024-08-10 16:00:00-03:00,13.5,66.0,928.3,0.0,0.7,117.0
2024-08-10 17:00:00-03:00,13.2,64.0,928.6,0.0,0.7,95.0
2024-08-10 18:00:00-03:00,11.7,75.0,928.8,0.0,0.0,187.0
2024-08-10 19:00:00-03:00,11.1,79.0,929.7,0.0,0.2,183.0
2024-08-10 20:00:00-03:00,10.4,82.0,930.0,0.0,1.1,144.0
2024-08-10 21:00:00-03:00,9.9,84.0,930.3,0.0,0.0,162.0
2024-08-10 22:00:00-03:00,9.9,83.0,930.3,0.0,0.0,119.0
2024-08-10 23:00:00-03:00,9.4,85.0,930.5,0.0,0.0,71.0
2024-08-11 00:00:00-03:00,8.9,87.0,930.3,0.0,0.9,87.0
2024-08-11 01:00:00-03:00,8.3,90.0,929.9,0.0,1.1,123.0
2024-08-11 02:00:00-03:00,8.2,91.0,929.1,0.0,0.0,47.0
2024-08-11 03:00:00-03:00,7.9,92.0,928.8,0.0,0.0,121.0
2024-08-11 04:00:00-03:00,7.4,92.0,928.5,0.0,0.0,277.0
2024-08-11 05:00:00-03:00,7.8,92.0,928.8,0.0,0.0,145.0
2024-08-11 06:00:00-03:00,7.6,91.0,929.5,0.0,0.8,59.0
2024-08-11 07:00:00-03:00,7.1,89.0,930.1,0.0,0.0,116.0
2024-08-11 08:00:00-03:00,8.6,85.0,930.6,0.0,0.0,122.0
2024-08-11 09:00:00-03:00,11.1,75.0,930.6,0.0,0.9,113.0
2024-08-11 10:00:00-03:00,12.2,60.0,930.3,0.0,1.6,100.0
2024-08-11 11:00:00-03:00,14.9,45.0,929.8,0.0,1.8,116.0
2024-08-11 12:00:00-03:00,17.5,39.0,929.0,0.0,1.2,114.0
2024-08-11 13:00:00-03:00,19.2,35.0,927.5,0.0,1.6,61.0
2024-08-11 14:00:00-03:00,20.5,31.0,926.6,0.0,1.6,354.0
2024-08-11 15:00:00-03:00,20.4,26.0,926.7,0.0,2.2,306.0
2024-08-11 16:00:00-03:00,19.8,29.0,926.8,0.0,2.2,328.0
2024-08-11 17:00:00-03:00,18.7,33.0,927.3,0.0,1.8,324.0
2024-08-11 18:00:00-03:00,17.2,39.0,927.5,0.0,1.8,338.0
2024-08-11 19:00:00-03:00,16.2,43.0,927.7,0.0,2.6,339.0
2024-08-11 20:00:00-03:00,15.5,41.0,927.7,0.0,1.5,351.0
2024-08-11 21:00:00-03:00,14.8,43.0,927.9,0.0,0.0,35.0
2024-08-11 22:00:00-03:00,14.7,45.0,928.1,0.0,2.1,7.0
2024-08-11 23:00:00-03:00,13.9,49.0,928.3,0.0,0.1,68.0
2024-08-12 00:00:00-03:00,12.7,54.0,928.1,0.0,0.0,222.0
2024-08-12 01:00:00-03:00,14.0,48.0,928.1,0.0,2.5,324.0
2024-08-12 02:00:00-03:00,13.9,48.0,927.9,0.0,2.7,340.0
2024-08-12 03:00:00-03:00,13.0,52.0,927.9,0.0,1.4,318.0
2024-08-12 04:00:00-03:00,13.2,50.0,927.4,0.0,3.4,341.0
2024-08-12 05:00:00-03:00,12.9,50.0,927.4,0.0,2.6,333.0
2024-08-12 06:00:00-03:00,12.6,49.0,927.9,0.0,2.3,337.0
2024-08-12 07:00:00-03:00,11.6,55.0,928.7,0.0,1.5,312.0
2024-08-12 08:00:00-03:00,12.6,53.0,929.0,0.0,2.1,324.0
2024-08-12 09:00:00-03:00,13.7,47.0,929.4,0.0,3.8,340.0
2024-08-12 10:00:00-03:00,14.8,39.0,929.5,0.0,2.9,335.0
2024-08-12 11:00:00-03:00,16.1,37.0,929.3,0.0,3.5,318.0
2024-08-12 12:00:00-03:00,17.5,30.0,929.0,0.0,3.1,318.0
2024-08-12 13:00:00-03:00,18.6,27.0,928.3,0.0,4.0,348.0
2024-08-12 14:00:00-03:00,18.8,26.0,927.8,0.0,5.1,334.0
2024-08-12 15:00:00-03:00,19.2,23.0,927.8,0.0,4.3,316.0
2024-08-12 16:00:00-03:00,19.0,26.0,928.2,0.0,3.5,330.0
2024-08-12 17:00:00-03:00,18.3,27.0,928.2,0.0,3.0,331.0
2024-08-12 18:00:00-03:00,13.9,55.0,929.0,0.0,1.6,183.0
2024-08-12 19:00:00-03:00,13.0,54.0,929.9,0.0,0.0,186.0
2024-08-12 20:00:00-03:00,12.4,54.0,930.7,0.0,1.1,209.0
2024-08-12 21:00:00-03:00,11.9,53.0,931.4,0.0,1.5,138.0
2024-08-12 22:00:00-03:00,11.2,53.0,931.7,0.0,1.9,158.0
2024-08-12 23:00:00-03:00,10.7,60.0,931.9,0.0,0.0,137.0
2024-08-13 00:00:00-03:00,10.3,65.0,931.7,0.0,1.5,140.0
2024-08-13 01:00:00-03:00,9.8,66.0,931.5,0.0,1.0,134.0
2024-08-13 02:00:00-03:00,9.5,69.0,931.3,0.0,1.6,146.0
2024-08-13 03:00:00-03:00,9.3,71.0,931.6,0.0,0.8,163.0
2024-08-13 04:00:00-03:00,8.9,73.0,931.6,0.0,0.6,145.0
2024-08-13 05:00:00-03:00,9.0,76.0,931.9,0.0,0.0,148.0
2024-08-13 06:00:00-03:00,9.2,74.0,932.5,0.0,1.6,152.0
2024-08-13 07:00:00-03:00,9.4,74.0,933.0,0.0,1.4,119.0
2024-08-13 08:00:00-03:00,10.1,72.0,933.8,0.0,2.0,160.0
2024-08-13 09:00:00-03:00,11.0,68.0,934.5,0.0,2.0,175.0
2024-08-13 10:00:00-03:00,11.3,67.0,935.2,0.0,2.1,162.0
2024-08-13 11:00:00-03:00,13.2,60.0,935.0,0.0,2.0,147.0
2024-08-13 12:00:00-03:00,13.8,54.0,934.5,0.0,2.4,186.0
2024-08-13 13:00:00-03:00,14.8,50.0,933.8,0.0,2.6,171.0
2024-08-13 14:00:00-03:00,15.3,50.0,933.0,0.0,2.7,155.0
2024-08-13 15:00:00-03:00,12.8,60.0,932.8,0.0,2.7,200.0
2024-08-13 16:00:00-03:00,12.3,62.0,933.1,0.0,2.9,194.0
2024-08-13 17:00:00-03:00,11.4,64.0,933.0,0.0,1.8,184.0
2024-08-13 18:00:00-03:00,10.0,70.0,933.2,0.0,1.7,199.0
2024-08-13 19:00:00-03:00,9.5,74.0,933.6,0.0,1.0,190.0
2024-08-13 20:00:00-03:00,9.4,76.0,934.0,0.0,1.6,170.0
2024-08-13 21:00:00-03:00,9.1,77.0,934.3,0.0,1.5,167.0
2024-08-13 22:00:00-03:00,8.9,78.0,934.2,0.0,1.5,150.0
2024-08-13 23:00:00-03:00,8.9,79.0,934.1,0.0,2.6,154.0
2024-08-14 00:00:00-03:00,9.2,79.0,933.6,0.0,2.5,155.0
2024-08-14 01:00:00-03:00,9.4,79.0,933.2,0.0,2.8,147.0
2024-08-14 02:00:00-03:00,9.2,80.0,932.7,0.0,2.3,142.0
2024-08-14 03:00:00-03:00,9.2,82.0,932.0,0.0,2.1,125.0
2024-08-14 04:00:00-03:00,9.5,82.0,931.7,0.0,3.4,123.0
2024-08-14 05:00:00-03:00,9.6,82.0,932.0,0.0,2.2,124.0
2024-08-14 06:00:00-03:00,9.3,83.0,932.0,0.0,2.4,113.0
2024-08-14 07:00:00-03:00,9.1,84.0,932.3,0.0,2.7,116.0
2024-08-14 08:00:00-03:00,9.7,83.0,932.8,0.0,2.3,115.0
2024-08-14 09:00:00-03:00,12.0,75.0,933.2,0.0,2.3,113.0
2024-08-14 10:00:00-03:00,13.5,68.0,932.8,0.0,2.3,126.0
2024-08-14 11:00:00-03:00,17.2,53.0,932.2,0.0,0.8,130.0
2024-08-14 12:00:00-03:00,19.3,46.0,931.5,0.0,1.2,188.0
2024-08-14 13:00:00-03:00,20.7,43.0,930.5,0.0,1.1,178.0
2024-08-14 14:00:00-03:00,22.6,38.0,929.7,0.0,1.0,170.0
2024-08-14 15:00:00-03:00,23.2,37.0,929.2,0.0,0.8,195.0
2024-08-14 16:00:00-03:00,23.3,36.0,929.1,0.0,0.3,204.0
2024-08-14 17:00:00-03:00,22.1,36.0,929.4,0.0,0.8,116.0
2024-08-14 18:00:00-03:00,19.2,52.0,929.8,0.0,1.1,154.0
2024-08-14 19:00:00-03:00,16.2,68.0,930.5,0.0,0.0,222.0
2024-08-14 20:00:00-03:00,14.8,74.0,931.2,0.0,0.0,235.0
2024-08-14 21:00:00-03:00,13.9,78.0,931.5,0.0,0.0,222.0
2024-08-14 22:00:00-03:00,13.7,79.0,931.6,0.0,0.0,175.0
2024-08-14 23:00:00-03:00,13.1,83.0,931.4,0.0,0.0,155.0
2024-08-15 00:00:00-03:00,12.7,84.0,931.2,0.0,0.0,143.0
2024-08-15 01:00:00-03:00,12.6,84.0,930.7,0.0,0.0,98.0
2024-08-15 02:00:00-03:00,12.1,86.0,930.1,0.0,0.0,134.0
2024-08-15 03:00:00-03:00,11.8,87.0,929.8,0.0,0.0,103.0
2024-08-15 04:00:00-03:00,11.4,88.0,929.8,0.0,0.0,108.0
2024-08-15 05:00:00-03:00,11.7,87.0,930.1,0.0,0.0,117.0
2024-08-15 06:00:00-03:00,10.9,87.0,930.9,0.0,0.0,118.0
2024-08-15 07:00:00-03:00,11.6,87.0,931.5,0.0,0.0,137.0
2024-08-15 08:00:00-03:00,14.1,75.0,932.1,0.0,1.2,123.0
2024-08-15 09:00:00-03:00,16.6,66.0,932.3,0.0,1.5,121.0
2024-08-15 10:00:00-03:00,20.1,53.0,932.2,0.0,1.7,117.0
2024-08-15 11:00:00-03:00,22.1,44.0,931.6,0.2,1.4,109.0
2024-08-15 12:00:00-03:00,25.7,36.0,930.8,0.0,1.4,121.0
2024-08-15 13:00:00-03:00,28.2,26.0,929.7,0.0,2.0,24.0
2024-08-15 14:00:00-03:00,28.0,26.0,929.0,0.0,2.8,342.0
2024-08-15 15:00:00-03:00,28.3,26.0,928.6,0.0,3.1,353.0
2024-08-15 16:00:00-03:00,28.6,22.0,928.7,0.0,2.2,305.0
2024-08-15 17:00:00-03:00,27.5,24.0,929.0,0.0,1.5,334.0
2024-08-15 18:00:00-03:00,25.6,25.0,929.5,0.0,1.0,333.0
2024-08-15 19:00:00-03:00,24.1,30.0,929.8,0.0,1.2,339.0
2024-08-15 20:00:00-03:00,22.3,37.0,930.2,0.0,0.6,38.0
2024-08-15 21:00:00-03:00,20.5,45.0,930.3,0.0,1.0,98.0
2024-08-15 22:00:00-03:00,19.2,51.0,930.4,0.0,1.2,70.0
2024-08-15 23:00:00-03:00,18.3,54.0,930.5,0.0,0.0,181.0
2024-08-16 00:00:00-03:00,17.6,58.0,930.5,0.0,0.0,63.0
2024-08-16 01:00:00-03:00,17.4,59.0,930.3,0.0,0.0,72.0
2024-08-16 02:00:00-03:00,16.1,65.0,929.9,0.0,0.0,164.0
2024-08-16 03:00:00-03:00,16.4,63.0,929.6,0.0,0.0,58.0
2024-08-16 04:00:00-03:00,15.3,68.0,929.6,0.0,0.0,18.0
2024-08-16 05:00:00-03:00,15.1,69.0,930.1,0.0,0.0,232.0
2024-08-16 06:00:00-03:00,14.5,73.0,930.4,0.0,0.0,336.0
2024-08-16 07:00:00-03:00,15.0,73.0,931.0,0.0,0.0,64.0
2024-08-16 08:00:00-03:00,18.0,63.0,931.4,0.0,0.3,102.0
2024-08-16 09:00:00-03:00,20.6,55.0,931.8,0.0,1.1,121.0
2024-08-16 10:00:00-03:00,24.0,44.0,931.8,0.0,0.3,117.0
2024-08-16 11:00:00-03:00,26.6,36.0,931.4,0.0,0.4,263.0
2024-08-16 12:00:00-03:00,28.5,29.0,930.4,0.0,1.3,307.0
2024-08-16 13:00:00-03:00,29.2,25.0,929.5,0.0,2.3,287.0
2024-08-16 14:00:00-03:00,30.1,22.0,928.6,0.0,1.4,338.0
2024-08-16 15:00:00-03:00,30.9,22.0,928.2,0.0,0.2,151.0
2024-08-16 16:00:00-03:00,30.4,20.0,928.2,0.0,1.0,305.0
2024-08-16 17:00:00-03:00,29.3,22.0,928.3,0.0,0.2,275.0
2024-08-16 18:00:00-03:00,25.7,33.0,928.8,0.0,1.4,197.0
2024-08-16 19:00:00-03:00,24.0,31.0,929.4,0.0,0.6,192.0
2024-08-16 20:00:00-03:00,23.8,33.0,929.9,0.0,0.1,77.0
2024-08-16 21:00:00-03:00,23.3,37.0,930.2,0.0,0.4,101.0
2024-08-16 22:00:00-03:00,21.6,46.0,930.2,0.0,0.7,72.0
2024-08-16 23:00:00-03:00,21.2,45.0,930.2,0.0,0.1,78.0
2024-08-17 00:00:00-03:00,20.0,52.0,930.2,0.0,0.0,225.0
2024-08-17 01:00:00-03:00,19.4,56.0,929.9,0.0,0.0,40.0
2024-08-17 02:00:00-03:00,18.9,58.0,929.5,0.0,0.0,52.0
2024-08-17 03:00:00-03:00,17.7,65.0,929.2,0.0,0.3,96.0
2024-08-17 04:00:00-03:00,16.9,69.0,929.0,0.0,0.0,69.0
2024-08-17 05:00:00-03:00,16.5,70.0,929.4,0.0,0.0,81.0
2024-08-17 06:00:00-03:00,15.7,74.0,929.9,0.0,0.0,87.0
2024-08-17 07:00:00-03:00,16.2,74.0,930.4,0.0,0.0,82.0
2024-08-17 08:00:00-03:00,18.5,65.0,931.2,0.0,0.0,307.0
2024-08-17 09:00:00-03:00,21.7,50.0,931.5,0.0,0.9,119.0
2024-08-17 10:00:00-03:00,24.7,41.0,931.4,0.0,0.4,98.0
2024-08-17 11:00:00-03:00,26.7,34.0,930.8,0.0,1.1,110.0
2024-08-17 12:00:00-03:00,29.7,29.0,930.1,0.0,0.6,101.0
2024-08-17 13:00:00-03:00,30.3,21.0,928.9,0.0,0.7,42.0
2024-08-17 14:00:00-03:00,30.7,18.0,928.3,0.0,1.2,276.0
2024-08-17 15:00:00-03:00,31.3,15.0,927.9,0.0,1.1,181.0
2024-08-17 16:00:00-03:00,30.5,16.0,928.0,0.0,0.8,124.0
2024-08-17 17:00:00-03:00,28.6,20.0,928.2,0.0,0.5,132.0
2024-08-17 18:00:00-03:00,25.7,25.0,928.6,0.0,0.7,80.0
2024-08-17 19:00:00-03:00,25.1,26.0,928.9,0.0,0.6,63.0
2024-08-17 20:00:00-03:00,24.5,28.0,929.4,0.0,1.1,78.0
2024-08-17 21:00:00-03:00,22.6,32.0,929.7,0.0,0.6,82.0
2024-08-17 22:00:00-03:00,21.6,37.0,929.9,0.0,0.1,71.0
2024-08-17 23:00:00-03:00,21.5,38.0,929.8,0.0,0.0,44.0
2024-08-18 00:00:00-03:00,19.8,44.0,929.8,0.0,0.0,54.0
2024-08-18 01:00:00-03:00,19.4,47.0,929.6,0.0,0.0,78.0
2024-08-18 02:00:00-03:00,18.7,52.0,929.2,0.0,0.0,76.0
2024-08-18 03:00:00-03:00,17.7,56.0,929.0,0.0,0.0,185.0
2024-08-18 04:00:00-03:00,17.4,58.0,929.0,0.0,0.0,78.0
2024-08-18 05:00:00-03:00,16.3,63.0,929.2,0.0,0.0,123.0
2024-08-18 06:00:00-03:00,15.7,65.0,929.7,0.0,0.0,120.0
2024-08-18 07:00:00-03:00,16.3,65.0,930.1,0.0,0.0,116.0
2024-08-18 08:00:00-03:00,19.2,52.0,930.7,0.0,1.0,126.0
2024-08-18 09:00:00-03:00,22.4,41.0,931.2,0.0,0.9,102.0
2024-08-18 10:00:00-03:00,24.9,34.0,931.3,0.0,0.7,121.0
2024-08-18 11:00:00-03:00,28.0,27.0,930.9,0.0,1.5,119.0
2024-08-18 12:00:00-03:00,29.9,22.0,930.0,0.0,1.3,133.0
2024-08-18 13:00:00-03:00,30.7,18.0,929.1,0.0,1.2,110.0
2024-08-18 14:00:00-03:00,30.9,16.0,928.2,0.0,1.0,109.0
2024-08-18 15:00:00-03:00,31.9,13.0,927.5,0.0,1.0,120.0
2024-08-18 16:00:00-03:00,31.1,15.0,927.4,0.0,1.5,119.0
2024-08-18 17:00:00-03:00,29.0,21.0,927.6,0.0,2.0,142.0
2024-08-18 18:00:00-03:00,26.8,20.0,927.9,0.0,1.3,115.0
2024-08-18 19:00:00-03:00,25.0,29.0,928.2,0.0,0.6,56.0
2024-08-18 20:00:00-03:00,23.8,32.0,928.7,0.0,0.9,80.0
2024-08-18 21:00:00-03:00,22.6,36.0,929.2,0.0,0.9,101.0
2024-08-18 22:00:00-03:00,21.8,39.0,929.5,0.0,0.0,80.0
2024-08-18 23:00:00-03:00,20.5,46.0,929.7,0.0,0.0,115.0
2024-08-19 00:00:00-03:00,19.6,48.0,929.7,0.0,0.0,138.0
2024-08-19 01:00:00-03:00,19.2,50.0,929.5,0.0,0.0,104.0
2024-08-19 02:00:00-03:00,18.9,53.0,929.1,0.0,0.0,113.0
2024-08-19 03:00:00-03:00,17.8,57.0,928.8,0.0,0.0,108.0
2024-08-19 04:00:00-03:00,17.2,56.0,928.8,0.0,0.0,94.0
2024-08-19 05:00:00-03:00,16.6,57.0,929.0,0.0,0.0,85.0
2024-08-19 06:00:00-03:00,16.4,58.0,929.3,0.0,0.0,76.0
2024-08-19 07:00:00-03:00,17.6,54.0,929.8,0.0,0.0,93.0
2024-08-19 08:00:00-03:00,20.1,45.0,930.2,0.0,0.5,104.0
2024-08-19 09:00:00-03:00,23.2,38.0,930.6,0.0,0.1,133.0
2024-08-19 10:00:00-03:00,25.6,31.0,930.5,0.0,0.1,358.0
2024-08-19 11:00:00-03:00,28.4,28.0,929.9,0.0,0.3,355.0
2024-08-19 12:00:00-03:00,30.7,23.0,929.1,0.0,0.5,317.0
2024-08-19 13:00:00-03:00,32.3,16.0,928.1,0.0,1.3,294.0
2024-08-19 14:00:00-03:00,31.0,15.0,927.2,0.0,3.2,345.0
2024-08-19 15:00:00-03:00,31.8,15.0,926.7,0.0,1.5,308.0
2024-08-19 16:00:00-03:00,30.7,18.0,926.5,0.0,2.3,340.0
2024-08-19 17:00:00-03:00,29.6,20.0,926.9,0.0,1.6,298.0
2024-08-19 18:00:00-03:00,28.1,23.0,927.4,0.0,2.0,339.0
2024-08-19 19:00:00-03:00,26.2,27.0,928.0,0.0,0.3,288.0
2024-08-19 20:00:00-03:00,25.2,28.0,928.6,0.0,0.7,316.0
2024-08-19 21:00:00-03:00,25.5,29.0,929.1,0.0,1.5,330.0
2024-08-19 22:00:00-03:00,24.1,33.0,929.4,0.0,0.5,8.0
2024-08-19 23:00:00-03:00,23.6,34.0,929.3,0.0,1.1,19.0
2024-08-20 00:00:00-03:00,22.8,35.0,928.7,0.0,2.3,33.0
2024-08-20 01:00:00-03:00,21.2,42.0,928.5,0.0,0.0,165.0
2024-08-20 02:00:00-03:00,20.8,44.0,928.4,0.0,0.0,294.0
2024-08-20 03:00:00-03:00,19.9,49.0,928.4,0.0,0.0,54.0
2024-08-20 04:00:00-03:00,19.1,52.0,928.5,0.0,0.0,21.0
2024-08-20 05:00:00-03:00,18.7,54.0,928.6,0.0,0.0,67.0
2024-08-20 06:00:00-03:00,17.8,59.0,929.5,0.0,0.2,252.0
2024-08-20 07:00:00-03:00,18.4,56.0,930.2,0.0,0.0,304.0
2024-08-20 08:00:00-03:00,21.6,48.0,930.8,0.0,0.0,48.0
2024-08-20 09:00:00-03:00,24.3,41.0,931.3,0.0,0.1,31.0
2024-08-20 10:00:00-03:00,25.6,36.0,931.3,0.0,0.7,92.0
2024-08-20 11:00:00-03:00,27.9,31.0,931.0,0.0,0.8,84.0
2024-08-20 12:00:00-03:00,29.9,25.0,930.3,0.0,0.7,153.0
2024-08-20 13:00:00-03:00,31.2,21.0,929.4,0.0,1.0,211.0
2024-08-20 14:00:00-03:00,31.6,18.0,928.5,0.0,1.0,139.0
2024-08-20 15:00:00-03:00,31.6,18.0,927.9,0.0,1.6,232.0
2024-08-20 16:00:00-03:00,29.9,24.0,928.0,0.0,2.2,182.0
2024-08-20 17:00:00-03:00,24.9,45.0,928.6,0.0,3.5,202.0
2024-08-20 18:00:00-03:00,20.1,69.0,929.7,0.0,1.8,185.0
2024-08-20 19:00:00-03:00,18.1,76.0,930.4,0.0,1.7,186.0
2024-08-20 20:00:00-03:00,17.8,80.0,931.0,0.0,1.3,197.0
2024-08-20 21:00:00-03:00,17.4,82.0,931.5,0.0,2.1,202.0
2024-08-20 22:00:00-03:00,17.5,82.0,931.9,0.0,0.8,181.0
2024-08-20 23:00:00-03:00,16.8,82.0,932.1,0.0,2.2,205.0
2024-08-21 00:00:00-03:00,16.5,80.0,932.0,0.0,2.3,205.0
2024-08-21 01:00:00-03:00,16.6,79.0,931.3,0.0,1.7,217.0
2024-08-21 02:00:00-03:00,16.6,77.0,930.8,0.0,1.3,157.0
2024-08-21 03:00:00-03:00,16.4,77.0,930.6,0.0,1.5,180.0
2024-08-21 04:00:00-03:00,16.2,78.0,930.6,0.0,0.8,183.0
2024-08-21 05:00:00-03:00,16.0,78.0,930.9,0.0,1.5,186.0
2024-08-21 06:00:00-03:00,15.7,78.0,931.3,0.0,2.6,140.0
2024-08-21 07:00:00-03:00,15.8,77.0,931.6,0.0,2.4,144.0
2024-08-21 08:00:00-03:00,16.8,74.0,932.0,0.0,2.6,126.0
2024-08-21 09:00:00-03:00,18.6,65.0,932.2,0.0,2.7,128.0
2024-08-21 10:00:00-03:00,19.7,59.0,932.1,0.0,2.7,131.0
2024-08-21 11:00:00-03:00,22.5,50.0,931.3,0.0,2.8,117.0
2024-08-21 12:00:00-03:00,24.8,40.0,930.2,0.0,3.3,109.0
2024-08-21 13:00:00-03:00,27.0,34.0,929.2,0.0,2.2,130.0
2024-08-21 14:00:00-03:00,28.5,32.0,928.1,0.0,1.5,120.0
2024-08-21 15:00:00-03:00,28.2,34.0,927.4,0.0,2.4,146.0
2024-08-21 16:00:00-03:00,27.7,34.0,927.1,0.0,1.9,148.0
2024-08-21 17:00:00-03:00,26.3,34.0,927.3,0.0,1.6,100.0
2024-08-21 18:00:00-03:00,24.7,37.0,927.4,0.0,1.9,123.0
2024-08-21 19:00:00-03:00,23.2,43.0,928.0,0.0,0.7,132.0
2024-08-21 20:00:00-03:00,22.3,46.0,928.6,0.0,0.0,135.0
2024-08-21 21:00:00-03:00,21.2,48.0,928.9,0.0,0.6,110.0
2024-08-21 22:00:00-03:00,20.8,52.0,929.0,0.0,0.9,113.0
2024-08-21 23:00:00-03:00,20.5,54.0,928.8,0.0,1.4,109.0
2024-08-22 00:00:00-03:00,20.1,57.0,928.4,0.0,2.0,114.0
2024-08-22 01:00:00-03:00,19.3,61.0,928.2,0.0,1.8,111.0
2024-08-22 02:00:00-03:00,18.4,65.0,927.9,0.0,1.3,108.0
2024-08-22 03:00:00-03:00,17.9,68.0,927.4,0.0,1.4,118.0
2024-08-22 04:00:00-03:00,17.4,71.0,927.1,0.0,1.7,112.0
2024-08-22 05:00:00-03:00,16.8,75.0,927.0,0.0,1.5,118.0
2024-08-22 06:00:00-03:00,16.4,77.0,927.4,0.0,1.2,110.0
2024-08-22 07:00:00-03:00,16.4,77.0,927.9,0.0,0.9,117.0
2024-08-22 08:00:00-03:00,18.9,66.0,928.5,0.0,1.6,106.0
2024-08-22 09:00:00-03:00,22.1,52.0,928.9,0.0,1.2,91.0
2024-08-22 10:00:00-03:00,23.9,42.0,928.9,0.0,1.6,101.0
2024-08-22 11:00:00-03:00,27.2,33.0,928.3,0.0,0.7,19.0
2024-08-22 12:00:00-03:00,29.5,25.0,927.4,0.0,2.8,40.0
2024-08-22 13:00:00-03:00,30.2,20.0,926.5,0.0,4.2,360.0
2024-08-22 14:00:00-03:00,31.0,18.0,925.7,0.0,2.6,40.0
2024-08-22 15:00:00-03:00,31.0,18.0,925.2,0.0,3.4,356.0
2024-08-22 16:00:00-03:00,30.8,19.0,925.0,0.0,2.5,347.0
2024-08-22 17:00:00-03:00,30.2,18.0,925.0,0.0,2.0,3.0
2024-08-22 18:00:00-03:00,27.6,23.0,925.0,0.0,0.7,23.0
2024-08-22 19:00:00-03:00,25.9,28.0,925.4,0.0,0.7,60.0
2024-08-22 20:00:00-03:00,24.5,31.0,925.6,0.0,1.3,89.0
2024-08-22 21:00:00-03:00,23.5,34.0,925.7,0.0,1.3,76.0
2024-08-22 22:00:00-03:00,22.9,34.0,925.8,0.0,0.2,67.0
2024-08-22 23:00:00-03:00,21.4,41.0,925.9,0.0,0.0,168.0
2024-08-23 00:00:00-03:00,21.1,42.0,926.3,0.0,0.1,136.0
2024-08-23 01:00:00-03:00,20.7,43.0,925.9,0.0,0.0,107.0
2024-08-23 02:00:00-03:00,20.6,45.0,925.6,0.0,0.0,187.0
2024-08-23 03:00:00-03:00,20.3,44.0,925.2,0.0,0.2,283.0
2024-08-23 04:00:00-03:00,19.6,49.0,925.0,0.0,0.0,228.0
2024-08-23 05:00:00-03:00,19.1,49.0,924.9,0.0,0.0,159.0
2024-08-23 06:00:00-03:00,18.7,52.0,925.3,0.0,0.0,208.0
2024-08-23 07:00:00-03:00,18.9,54.0,925.5,0.0,0.0,212.0
2024-08-23 08:00:00-03:00,21.6,46.0,925.6,0.0,1.7,140.0
2024-08-23 09:00:00-03:00,25.0,36.0,925.5,0.0,1.5,124.0
2024-08-23 10:00:00-03:00,27.9,25.0,925.2,0.0,2.3,6.0
2024-08-23 11:00:00-03:00,29.1,23.0,924.3,0.0,4.3,43.0
2024-08-23 12:00:00-03:00,30.6,17.0,923.7,0.0,4.3,14.0
2024-08-23 13:00:00-03:00,31.4,16.0,922.9,0.0,5.2,7.0
2024-08-23 14:00:00-03:00,31.7,14.0,922.1,0.0,5.3,10.0
2024-08-23 15:00:00-03:00,31.7,15.0,921.7,0.0,6.3,360.0
2024-08-23 16:00:00-03:00,31.5,15.0,921.9,0.0,4.6,350.0
2024-08-23 17:00:00-03:00,30.5,17.0,922.4,0.0,3.4,357.0
2024-08-23 18:00:00-03:00,28.8,20.0,922.3,0.0,2.1,66.0
2024-08-23 19:00:00-03:00,20.3,61.0,923.8,0.0,3.9,221.0
2024-08-23 20:00:00-03:00,17.4,78.0,925.8,0.0,2.7,225.0
2024-08-23 21:00:00-03:00,17.4,77.0,926.7,0.0,4.8,214.0
2024-08-23 22:00:00-03:00,16.3,80.0,927.6,0.0,2.4,238.0
2024-08-23 23:00:00-03:00,16.1,79.0,928.3,0.0,2.8,220.0
2024-08-24 00:00:00-03:00,16.4,79.0,928.3,0.0,0.8,188.0
2024-08-24 01:00:00-03:00,16.6,79.0,927.7,0.0,2.2,131.0
2024-08-24 02:00:00-03:00,16.7,79.0,927.1,0.0,2.2,120.0
2024-08-24 03:00:00-03:00,16.8,78.0,927.3,0.0,2.0,143.0
2024-08-24 04:00:00-03:00,17.0,79.0,926.7,0.0,3.1,147.0
2024-08-24 05:00:00-03:00,16.7,81.0,926.5,0.0,2.9,133.0
2024-08-24 06:00:00-03:00,16.5,82.0,926.7,0.0,4.0,138.0
2024-08-24 07:00:00-03:00,16.8,78.0,927.0,0.0,3.2,118.0
2024-08-24 08:00:00-03:00,18.4,73.0,927.7,0.0,1.6,121.0
2024-08-24 09:00:00-03:00,19.3,69.0,928.5,0.0,1.8,190.0
2024-08-24 10:00:00-03:00,20.5,62.0,928.2,0.0,1.8,173.0
2024-08-24 11:00:00-03:00,21.1,63.0,927.9,0.0,1.9,203.0
2024-08-24 12:00:00-03:00,21.8,62.0,927.0,0.0,2.2,218.0
2024-08-24 13:00:00-03:00,21.2,60.0,926.4,0.0,3.0,214.0
2024-08-24 14:00:00-03:00,20.4,64.0,925.8,0.0,2.3,216.0
2024-08-24 15:00:00-03:00,19.6,66.0,926.0,0.0,3.3,221.0
2024-08-24 16:00:00-03:00,17.9,70.0,926.7,0.0,3.6,210.0
2024-08-24 17:00:00-03:00,16.1,80.0,929.7,0.2,3.7,247.0
2024-08-24 18:00:00-03:00,15.0,89.0,930.1,6.4,1.9,81.0
2024-08-24 19:00:00-03:00,15.3,90.0,930.2,1.0,0.0,142.0
2024-08-24 20:00:00-03:00,16.3,86.0,930.7,0.0,0.2,74.0
2024-08-24 21:00:00-03:00,15.9,87.0,931.0,1.4,1.4,58.0
2024-08-24 22:00:00-03:00,15.8,88.0,929.2,0.6,2.1,97.0
2024-08-24 23:00:00-03:00,15.7,88.0,928.7,0.2,2.9,135.0
2024-08-25 00:00:00-03:00,13.2,89.0,932.6,0.0,3.0,235.0
2024-08-25 01:00:00-03:00,12.6,87.0,931.1,0.2,1.6,205.0
2024-08-25 02:00:00-03:00,12.6,87.0,930.4,0.0,1.8,213.0
2024-08-25 03:00:00-03:00,12.4,87.0,930.8,0.0,2.2,227.0
2024-08-25 04:00:00-03:00,12.5,83.0,930.2,0.0,1.7,197.0
2024-08-25 05:00:00-03:00,12.2,82.0,930.9,0.0,1.8,225.0
2024-08-25 06:00:00-03:00,12.3,81.0,931.4,0.0,0.9,203.0
2024-08-25 07:00:00-03:00,12.5,81.0,931.5,0.0,1.8,194.0
2024-08-25 08:00:00-03:00,12.4,82.0,931.4,0.0,1.6,173.0
2024-08-25 09:00:00-03:00,12.3,83.0,933.2,0.0,1.9,227.0
2024-08-25 10:00:00-03:00,12.8,77.0,934.0,0.0,1.9,191.0
2024-08-25 11:00:00-03:00,13.3,73.0,933.7,0.0,2.5,208.0
2024-08-25 12:00:00-03:00,12.9,76.0,933.2,0.0,1.3,209.0
2024-08-25 13:00:00-03:00,12.5,77.0,932.1,0.0,1.5,165.0
2024-08-25 14:00:00-03:00,11.9,85.0,931.8,0.0,1.6,167.0
2024-08-25 15:00:00-03:00,12.0,82.0,931.2,0.0,1.5,191.0
2024-08-25 16:00:00-03:00,11.8,82.0,931.7,0.0,1.6,194.0
2024-08-25 17:00:00-03:00,10.3,88.0,932.6,0.2,3.0,214.0
2024-08-25 18:00:00-03:00,10.2,89.0,933.0,0.2,0.3,169.0
2024-08-25 19:00:00-03:00,9.6,88.0,934.0,0.2,2.0,210.0
2024-08-25 20:00:00-03:00,9.0,89.0,934.5,0.2,2.4,218.0
2024-08-25 21:00:00-03:00,9.2,88.0,934.5,0.0,1.9,211.0
2024-08-25 22:00:00-03:00,8.8,87.0,934.9,0.0,2.2,226.0
2024-08-25 23:00:00-03:00,8.6,83.0,934.8,0.2,0.0,191.0
2024-08-26 00:00:00-03:00,9.0,68.0,934.3,0.0,0.3,189.0
2024-08-26 01:00:00-03:00,9.2,63.0,933.6,0.0,0.0,182.0
2024-08-26 02:00:00-03:00,9.3,63.0,933.2,0.0,0.7,151.0
2024-08-26 03:00:00-03:00,9.4,56.0,932.7,0.0,0.2,158.0
2024-08-26 04:00:00-03:00,9.1,55.0,932.3,0.0,0.6,185.0
2024-08-26 05:00:00-03:00,8.8,49.0,932.3,0.0,1.3,180.0
2024-08-26 06:00:00-03:00,8.5,56.0,932.8,0.0,1.5,148.0
2024-08-26 07:00:00-03:00,8.9,70.0,933.1,0.0,1.5,165.0
2024-08-26 08:00:00-03:00,9.8,69.0,933.8,0.0,1.0,185.0
2024-08-26 09:00:00-03:00,10.8,63.0,934.2,0.0,1.7,194.0
2024-08-26 10:00:00-03:00,13.9,54.0,934.1,0.0,2.0,152.0
2024-08-26 11:00:00-03:00,14.3,47.0,933.5,0.0,1.7,153.0
2024-08-26 12:00:00-03:00,15.3,43.0,932.7,0.0,1.7,182.0
2024-08-26 13:00:00-03:00,16.2,43.0,932.1,0.0,2.0,210.0
2024-08-26 14:00:00-03:00,17.3,41.0,931.4,0.0,1.7,153.0
2024-08-26 15:00:00-03:00,16.7,42.0,931.0,0.0,2.0,201.0
2024-08-26 16:00:00-03:00,16.1,44.0,931.4,0.0,2.5,188.0
2024-08-26 17:00:00-03:00,14.1,55.0,932.1,0.0,1.9,181.0
2024-08-26 18:00:00-03:00,11.3,65.0,932.7,0.0,2.0,178.0
2024-08-26 19:00:00-03:00,10.3,66.0,933.2,0.0,1.4,196.0
2024-08-26 20:00:00-03:00,9.3,69.0,934.0,0.0,0.3,193.0
2024-08-26 21:00:00-03:00,8.7,70.0,934.5,0.0,0.0,185.0
2024-08-26 22:00:00-03:00,8.8,59.0,934.9,0.0,0.7,167.0
2024-08-26 23:00:00-03:00,8.5,72.0,934.9,0.0,0.0,128.0
2024-08-27 00:00:00-03:00,7.9,74.0,934.7,0.0,0.0,115.0
2024-08-27 01:00:00-03:00,7.6,78.0,934.2,0.0,0.0,103.0
2024-08-27 02:00:00-03:00,7.1,80.0,934.0,0.0,0.0,113.0
2024-08-27 03:00:00-03:00,7.0,79.0,933.6,0.0,0.0,127.0
2024-08-27 04:00:00-03:00,6.7,75.0,933.4,0.0,1.2,133.0
2024-08-27 05:00:00-03:00,6.4,78.0,933.4,0.0,1.2,127.0
2024-08-27 06:00:00-03:00,5.8,83.0,934.0,0.0,0.6,125.0
2024-08-27 07:00:00-03:00,6.4,83.0,934.6,0.0,1.5,106.0
2024-08-27 08:00:00-03:00,9.6,75.0,934.7,0.0,1.5,133.0
2024-08-27 09:00:00-03:00,11.4,64.0,935.0,0.0,3.4,123.0
2024-08-27 10:00:00-03:00,13.9,56.0,935.0,0.0,1.9,113.0
2024-08-27 11:00:00-03:00,15.0,39.0,934.5,0.0,2.7,137.0
2024-08-27 12:00:00-03:00,16.9,26.0,933.9,0.0,2.7,148.0
2024-08-27 13:00:00-03:00,18.8,25.0,933.0,0.0,1.7,139.0
2024-08-27 14:00:00-03:00,20.9,24.0,932.4,0.0,1.4,174.0
2024-08-27 15:00:00-03:00,19.6,35.0,932.3,0.0,2.9,213.0
2024-08-27 16:00:00-03:00,17.8,42.0,932.6,0.0,3.6,212.0
2024-08-27 17:00:00-03:00,15.3,53.0,933.2,0.0,2.5,186.0
2024-08-27 18:00:00-03:00,12.1,68.0,933.6,0.0,2.5,198.0
2024-08-27 19:00:00-03:00,11.1,73.0,934.4,0.0,2.8,194.0
2024-08-27 20:00:00-03:00,11.2,72.0,935.1,0.0,3.2,155.0
2024-08-27 21:00:00-03:00,11.6,72.0,935.5,0.0,1.8,158.0
2024-08-27 22:00:00-03:00,11.6,72.0,935.5,0.0,2.5,161.0
2024-08-27 23:00:00-03:00,11.6,72.0,935.7,0.0,1.8,167.0
2024-08-28 00:00:00-03:00,11.3,73.0,935.5,0.0,1.8,149.0
2024-08-28 01:00:00-03:00,10.3,77.0,935.1,0.0,2.9,143.0
2024-08-28 02:00:00-03:00,10.0,80.0,934.5,0.0,2.9,147.0
2024-08-28 03:00:00-03:00,10.2,79.0,933.7,0.0,2.3,143.0
2024-08-28 04:00:00-03:00,10.1,80.0,933.7,0.0,2.5,150.0
2024-08-28 05:00:00-03:00,10.3,80.0,933.9,0.0,2.4,136.0
2024-08-28 06:00:00-03:00,10.4,81.0,934.1,0.0,3.2,130.0
2024-08-28 07:00:00-03:00,10.4,82.0,934.4,0.0,3.7,115.0
2024-08-28 08:00:00-03:00,10.9,81.0,935.3,0.0,3.3,118.0
2024-08-28 09:00:00-03:00,12.0,77.0,935.8,0.0,2.5,123.0
2024-08-28 10:00:00-03:00,13.7,68.0,936.2,0.0,2.9,146.0
2024-08-28 11:00:00-03:00,15.6,61.0,935.5,0.0,2.9,134.0
2024-08-28 12:00:00-03:00,17.5,55.0,934.7,0.0,2.7,142.0
2024-08-28 13:00:00-03:00,19.6,46.0,933.7,0.0,1.7,159.0
2024-08-28 14:00:00-03:00,22.1,38.0,932.9,0.0,1.6,150.0
2024-08-28 15:00:00-03:00,22.0,44.0,932.5,0.0,2.5,196.0
2024-08-28 16:00:00-03:00,19.9,52.0,932.8,0.0,2.2,179.0
2024-08-28 17:00:00-03:00,16.8,64.0,933.5,0.0,1.9,176.0
2024-08-28 18:00:00-03:00,14.7,74.0,933.9,0.0,1.6,180.0
2024-08-28 19:00:00-03:00,14.1,77.0,934.5,0.0,1.7,196.0
2024-08-28 20:00:00-03:00,14.0,78.0,934.9,0.0,1.6,160.0
2024-08-28 21:00:00-03:00,13.8,81.0,935.3,0.0,1.8,150.0
2024-08-28 22:00:00-03:00,13.6,82.0,935.4,0.0,1.1,161.0
2024-08-28 23:00:00-03:00,13.2,85.0,935.2,0.0,2.9,145.0
2024-08-29 00:00:00-03:00,13.5,85.0,934.7,0.0,2.2,155.0
2024-08-29 01:00:00-03:00,13.6,84.0,934.2,0.0,2.1,128.0
2024-08-29 02:00:00-03:00,13.3,85.0,933.9,0.0,2.1,137.0
2024-08-29 03:00:00-03:00,13.3,85.0,933.4,0.0,2.0,146.0
2024-08-29 04:00:00-03:00,13.3,87.0,933.3,0.0,1.9,135.0
2024-08-29 05:00:00-03:00,13.5,88.0,933.7,0.0,2.4,144.0
2024-08-29 06:00:00-03:00,13.7,86.0,934.4,0.0,2.2,144.0
2024-08-29 07:00:00-03:00,14.0,84.0,935.0,0.0,1.8,135.0
2024-08-29 08:00:00-03:00,14.8,81.0,935.8,0.0,1.5,134.0
2024-08-29 09:00:00-03:00,15.9,76.0,936.1,0.0,2.0,114.0
2024-08-29 10:00:00-03:00,18.1,66.0,936.0,0.0,2.3,117.0
2024-08-29 11:00:00-03:00,20.2,56.0,935.4,0.0,1.9,112.0
2024-08-29 12:00:00-03:00,22.8,49.0,934.6,0.0,1.9,154.0
2024-08-29 13:00:00-03:00,24.8,42.0,933.7,0.0,1.6,170.0
2024-08-29 14:00:00-03:00,25.8,39.0,932.7,0.0,1.6,122.0
2024-08-29 15:00:00-03:00,27.1,35.0,932.1,0.0,1.6,152.0
2024-08-29 16:00:00-03:00,27.0,34.0,931.9,0.0,1.1,162.0
2024-08-29 17:00:00-03:00,25.9,37.0,932.1,0.0,1.2,144.0
2024-08-29 18:00:00-03:00,23.8,45.0,932.4,0.0,1.0,119.0
2024-08-29 19:00:00-03:00,22.6,49.0,932.7,0.0,1.0,106.0
2024-08-29 20:00:00-03:00,21.3,54.0,933.1,0.0,0.5,99.0
2024-08-29 21:00:00-03:00,20.4,58.0,933.4,0.0,0.0,101.0
2024-08-29 22:00:00-03:00,18.6,65.0,933.7,0.0,0.0,99.0
2024-08-29 23:00:00-03:00,18.9,66.0,933.9,0.0,1.1,125.0
2024-08-30 00:00:00-03:00,18.6,61.0,933.5,0.0,1.4,118.0
2024-08-30 01:00:00-03:00,18.1,63.0,933.1,0.0,1.5,122.0
2024-08-30 02:00:00-03:00,17.6,65.0,932.7,0.0,1.9,124.0
2024-08-30 03:00:00-03:00,16.8,68.0,932.4,0.0,1.3,115.0
2024-08-30 04:00:00-03:00,16.0,72.0,932.4,0.0,0.2,97.0
2024-08-30 05:00:00-03:00,14.7,77.0,932.6,0.0,0.0,81.0
2024-08-30 06:00:00-03:00,15.0,77.0,933.1,0.0,0.0,91.0
2024-08-30 07:00:00-03:00,15.6,78.0,933.4,0.0,0.0,111.0
2024-08-30 08:00:00-03:00,18.4,64.0,933.7,0.0,0.7,122.0
2024-08-30 09:00:00-03:00,21.0,55.0,933.9,0.0,0.3,138.0
2024-08-30 10:00:00-03:00,24.0,41.0,933.8,0.0,0.5,110.0
2024-08-30 11:00:00-03:00,26.1,28.0,933.0,0.0,0.7,131.0
2024-08-30 12:00:00-03:00,27.9,23.0,932.2,0.0,1.4,197.0
2024-08-30 13:00:00-03:00,29.1,18.0,931.1,0.0,1.5,164.0
2024-08-30 14:00:00-03:00,30.1,16.0,930.0,0.0,0.9,129.0
2024-08-30 15:00:00-03:00,29.8,16.0,929.3,0.0,0.9,182.0
2024-08-30 16:00:00-03:00,29.2,18.0,929.0,0.0,1.5,165.0
2024-08-30 17:00:00-03:00,27.7,17.0,929.2,0.0,1.9,208.0
2024-08-30 18:00:00-03:00,24.8,22.0,929.7,0.0,1.2,172.0
2024-08-30 19:00:00-03:00,23.7,24.0,930.0,0.0,1.6,136.0
2024-08-30 20:00:00-03:00,22.7,27.0,930.3,0.0,1.3,121.0
2024-08-30 21:00:00-03:00,21.4,34.0,930.6,0.0,1.1,78.0
2024-08-30 22:00:00-03:00,20.8,38.0,930.8,0.0,0.8,110.0
2024-08-30 23:00:00-03:00,19.9,43.0,930.9,0.0,0.1,118.0
2024-08-31 00:00:00-03:00,18.9,47.0,930.7,0.0,0.0,108.0
2024-08-31 01:00:00-03:00,17.4,54.0,930.2,0.0,0.0,114.0
2024-08-31 02:00:00-03:00,17.7,51.0,930.2,0.0,0.0,119.0
2024-08-31 03:00:00-03:00,16.9,55.0,930.0,0.0,0.0,120.0
2024-08-31 04:00:00-03:00,16.5,56.0,930.2,0.0,0.0,110.0
2024-08-31 05:00:00-03:00,15.8,59.0,930.6,0.0,0.0,82.0
2024-08-31 06:00:00-03:00,15.2,62.0,931.2,0.0,0.0,197.0
2024-08-31 07:00:00-03:00,15.5,72.0,931.7,0.0,0.0,185.0
2024-08-31 08:00:00-03:00,18.7,59.0,932.2,0.0,0.0,163.0
2024-08-31 09:00:00-03:00,21.6,41.0,932.7,0.0,1.1,135.0
2024-08-31 10:00:00-03:00,23.7,38.0,932.7,0.0,1.5,92.0
2024-08-31 11:00:00-03:00,26.5,31.0,932.4,0.0,1.9,147.0
2024-08-31 12:00:00-03:00,27.7,26.0,931.5,0.0,1.4,222.0
2024-08-31 13:00:00-03:00,28.9,22.0,930.6,0.0,1.1,74.0
2024-08-31 14:00:00-03:00,29.3,21.0,929.7,0.0,2.2,293.0
2024-08-31 15:00:00-03:00,29.1,28.0,929.1,0.0,1.7,209.0
2024-08-31 16:00:00-03:00,27.6,30.0,929.1,0.0,2.3,191.0
2024-08-31 17:00:00-03:00,25.6,22.0,929.4,0.0,1.9,205.0
2024-08-31 18:00:00-03:00,23.1,30.0,929.7,0.0,1.2,171.0
2024-08-31 19:00:00-03:00,21.3,44.0,930.0,0.0,0.3,201.0
2024-08-31 20:00:00-03:00,20.8,45.0,930.4,0.0,0.5,119.0
2024-08-31 21:00:00-03:00,20.3,35.0,930.6,0.0,0.0,151.0
2024-08-31 22:00:00-03:00,20.1,38.0,930.8,0.0,0.0,96.0
2024-08-31 23:00:00-03:00,19.2,41.0,930.7,0.0,0.0,79.0
2024-09-01 00:00:00-03:00,18.0,46.0,930.3,0.0,0.0,89.0
2024-09-01 01:00:00-03:00,17.3,49.0,929.8,0.0,0.0,143.0
2024-09-01 02:00:00-03:00,16.7,52.0,929.3,0.0,0.0,79.0
2024-09-01 03:00:00-03:00,16.6,56.0,928.7,0.0,0.0,112.0
2024-09-01 04:00:00-03:00,15.8,59.0,928.6,0.0,0.0,135.0
2024-09-01 05:00:00-03:00,15.5,64.0,928.8,0.0,0.0,103.0
2024-09-01 06:00:00-03:00,15.6,66.0,929.3,0.0,0.0,96.0
2024-09-01 07:00:00-03:00,16.2,68.0,929.9,0.0,1.3,105.0
2024-09-01 08:00:00-03:00,18.0,62.0,930.2,0.0,1.4,121.0
2024-09-01 09:00:00-03:00,21.2,51.0,930.3,0.0,1.0,123.0
2024-09-01 10:00:00-03:00,24.9,41.0,930.0,0.0,1.2,115.0
2024-09-01 11:00:00-03:00,28.0,33.0,929.5,0.0,1.0,212.0
2024-09-01 12:00:00-03:00,28.9,21.0,928.6,0.0,4.0,332.0
2024-09-01 13:00:00-03:00,30.2,19.0,927.6,0.0,3.5,322.0
2024-09-01 14:00:00-03:00,30.4,16.0,926.8,0.0,4.3,319.0
2024-09-01 15:00:00-03:00,30.6,16.0,926.3,0.0,4.2,334.0
2024-09-01 16:00:00-03:00,30.6,16.0,926.1,0.0,3.1,336.0
2024-09-01 17:00:00-03:00,29.7,16.0,926.2,0.0,2.7,341.0
2024-09-01 18:00:00-03:00,27.8,20.0,926.2,0.0,1.2,33.0
2024-09-01 19:00:00-03:00,26.8,22.0,926.4,0.0,1.3,21.0
2024-09-01 20:00:00-03:00,25.6,24.0,926.8,0.0,0.7,5.0
2024-09-01 21:00:00-03:00,24.7,26.0,927.3,0.0,0.2,312.0
2024-09-01 22:00:00-03:00,25.0,25.0,927.2,0.0,0.7,13.0
2024-09-01 23:00:00-03:00,24.4,26.0,927.0,0.0,1.0,357.0
2024-09-02 00:00:00-03:00,24.3,26.0,926.6,0.0,1.0,3.0
2024-09-02 01:00:00-03:00,23.7,27.0,926.0,0.0,1.3,350.0
2024-09-02 02:00:00-03:00,23.8,27.0,925.5,0.0,3.1,3.0
2024-09-02 03:00:00-03:00,20.9,36.0,925.3,0.0,0.0,279.0
2024-09-02 04:00:00-03:00,22.1,32.0,925.2,0.0,0.8,348.0
2024-09-02 05:00:00-03:00,20.4,39.0,925.4,0.0,1.3,252.0
2024-09-02 06:00:00-03:00,18.6,62.0,926.3,0.0,0.0,218.0
2024-09-02 07:00:00-03:00,19.0,69.0,926.8,0.0,0.0,203.0
2024-09-02 08:00:00-03:00,20.4,62.0,927.1,0.0,0.0,208.0
2024-09-02 09:00:00-03:00,22.1,56.0,927.4,0.0,1.1,177.0
2024-09-02 10:00:00-03:00,22.2,57.0,927.3,0.0,1.3,187.0
2024-09-02 11:00:00-03:00,24.5,49.0,926.9,0.0,0.8,187.0
2024-09-02 12:00:00-03:00,26.9,41.0,926.1,0.0,1.0,197.0
2024-09-02 13:00:00-03:00,28.6,38.0,925.1,0.0,1.4,193.0
2024-09-02 14:00:00-03:00,28.2,39.0,924.3,0.0,2.1,221.0
2024-09-02 15:00:00-03:00,24.8,49.0,924.3,0.0,3.2,216.0
2024-09-02 16:00:00-03:00,22.3,58.0,924.7,0.0,2.2,221.0
2024-09-02 17:00:00-03:00,20.4,65.0,925.0,0.0,1.8,181.0
2024-09-02 18:00:00-03:00,18.9,71.0,925.2,0.0,1.0,207.0
2024-09-02 19:00:00-03:00,18.0,75.0,925.7,0.0,1.1,197.0
2024-09-02 20:00:00-03:00,17.1,80.0,926.3,0.0,0.3,172.0
2024-09-02 21:00:00-03:00,16.8,82.0,926.7,0.0,0.1,198.0
2024-09-02 22:00:00-03:00,16.5,83.0,926.7,0.0,0.0,174.0
2024-09-02 23:00:00-03:00,16.8,82.0,926.8,0.0,1.3,143.0
2024-09-03 00:00:00-03:00,16.5,83.0,926.6,0.0,1.3,152.0
2024-09-03 01:00:00-03:00,16.2,85.0,926.2,0.0,0.3,164.0
2024-09-03 02:00:00-03:00,16.0,85.0,925.8,0.0,0.1,161.0
2024-09-03 03:00:00-03:00,15.7,87.0,925.7,0.0,1.2,107.0
2024-09-03 04:00:00-03:00,15.8,87.0,925.6,0.0,1.1,141.0
2024-09-03 05:00:00-03:00,15.7,87.0,925.8,0.0,0.9,112.0
2024-09-03 06:00:00-03:00,15.5,88.0,926.5,0.0,1.2,114.0
2024-09-03 07:00:00-03:00,15.7,87.0,927.2,0.0,1.4,101.0
2024-09-03 08:00:00-03:00,16.5,84.0,927.9,0.0,1.8,126.0
2024-09-03 09:00:00-03:00,18.7,76.0,928.5,0.0,1.8,122.0
2024-09-03 10:00:00-03:00,21.5,62.0,928.4,0.0,1.2,118.0
2024-09-03 11:00:00-03:00,24.6,51.0,928.0,0.0,1.0,85.0
2024-09-03 12:00:00-03:00,28.0,40.0,927.5,0.0,0.7,39.0
2024-09-03 13:00:00-03:00,30.5,29.0,926.5,0.0,1.8,347.0
2024-09-03 14:00:00-03:00,31.4,25.0,925.8,0.0,2.3,303.0
2024-09-03 15:00:00-03:00,31.7,21.0,925.5,0.0,2.3,288.0
2024-09-03 16:00:00-03:00,31.1,23.0,925.5,0.0,2.1,214.0
2024-09-03 17:00:00-03:00,29.5,21.0,926.0,0.0,1.5,247.0
2024-09-03 18:00:00-03:00,27.3,27.0,926.8,0.0,1.2,226.0
2024-09-03 19:00:00-03:00,26.1,29.0,927.5,0.0,0.2,142.0
2024-09-03 20:00:00-03:00,25.6,30.0,928.1,0.0,0.0,141.0
2024-09-03 21:00:00-03:00,23.9,47.0,928.8,0.0,1.1,75.0
2024-09-03 22:00:00-03:00,23.5,50.0,929.0,0.0,1.4,84.0
2024-09-03 23:00:00-03:00,22.4,50.0,928.9,0.0,1.0,101.0
2024-09-04 00:00:00-03:00,21.0,54.0,928.5,0.0,0.5,96.0
2024-09-04 01:00:00-03:00,19.9,63.0,928.1,0.0,0.0,104.0
2024-09-04 02:00:00-03:00,19.4,68.0,927.6,0.0,0.9,130.0
2024-09-04 03:00:00-03:00,19.0,73.0,927.2,0.0,0.7,96.0
2024-09-04 04:00:00-03:00,18.7,75.0,926.7,0.0,0.6,158.0
2024-09-04 05:00:00-03:00,18.4,79.0,927.3,0.0,1.3,133.0
2024-09-04 06:00:00-03:00,17.9,81.0,928.0,0.0,0.9,132.0
2024-09-04 07:00:00-03:00,18.8,79.0,928.7,0.0,1.5,124.0
2024-09-04 08:00:00-03:00,20.9,67.0,929.3,0.0,1.8,121.0
2024-09-04 09:00:00-03:00,24.6,50.0,929.4,0.0,1.7,117.0
2024-09-04 10:00:00-03:00,27.2,32.0,929.3,0.0,3.3,122.0
2024-09-04 11:00:00-03:00,29.3,22.0,928.8,0.0,3.3,119.0
2024-09-04 12:00:00-03:00,31.4,15.0,928.2,0.0,3.3,109.0
2024-09-04 13:00:00-03:00,31.6,13.0,927.5,0.0,3.0,108.0
2024-09-04 14:00:00-03:00,32.4,17.0,926.5,0.0,1.7,90.0
2024-09-04 15:00:00-03:00,32.0,14.0,926.0,0.0,2.0,118.0
2024-09-04 16:00:00-03:00,31.1,14.0,926.1,0.0,2.8,145.0
2024-09-04 17:00:00-03:00,30.1,15.0,926.1,0.0,2.1,133.0
2024-09-04 18:00:00-03:00,28.3,20.0,926.2,0.0,1.1,106.0
2024-09-04 19:00:00-03:00,26.3,23.0,926.7,0.0,1.3,103.0
2024-09-04 20:00:00-03:00,25.7,26.0,927.0,0.0,1.8,88.0
2024-09-04 21:00:00-03:00,25.2,28.0,927.4,0.0,2.1,100.0
2024-09-04 22:00:00-03:00,24.2,31.0,927.4,0.0,2.1,111.0
2024-09-04 23:00:00-03:00,23.7,33.0,927.3,0.0,2.2,109.0
2024-09-05 00:00:00-03:00,23.2,37.0,927.0,0.0,2.6,108.0
2024-09-05 01:00:00-03:00,22.5,40.0,926.6,0.0,2.0,122.0
2024-09-05 02:00:00-03:00,21.8,43.0,926.3,0.0,1.8,122.0
2024-09-05 03:00:00-03:00,20.9,47.0,925.8,0.0,1.0,111.0
2024-09-05 04:00:00-03:00,20.4,50.0,925.8,0.0,0.8,97.0
2024-09-05 05:00:00-03:00,19.9,54.0,926.0,0.0,0.5,109.0
2024-09-05 06:00:00-03:00,19.8,56.0,926.6,0.0,0.9,114.0
2024-09-05 07:00:00-03:00,20.0,60.0,926.8,0.0,0.6,101.0
2024-09-05 08:00:00-03:00,21.7,57.0,927.8,0.0,1.9,191.0
2024-09-05 09:00:00-03:00,20.4,63.0,929.6,0.0,4.3,220.0
2024-09-05 10:00:00-03:00,19.8,69.0,930.3,0.0,2.8,219.0
2024-09-05 11:00:00-03:00,21.7,59.0,930.1,0.0,2.8,240.0
2024-09-05 12:00:00-03:00,21.2,59.0,929.5,0.0,2.2,239.0
2024-09-05 13:00:00-03:00,25.3,45.0,928.3,0.0,2.2,226.0
2024-09-05 14:00:00-03:00,26.7,40.0,927.2,0.0,1.8,183.0
2024-09-05 15:00:00-03:00,26.9,35.0,926.9,0.0,2.2,180.0
2024-09-05 16:00:00-03:00,24.4,41.0,927.0,0.0,2.4,169.0
2024-09-05 17:00:00-03:00,20.9,62.0,927.6,0.0,2.3,179.0
2024-09-05 18:00:00-03:00,18.2,75.0,928.7,0.0,2.5,183.0
2024-09-05 19:00:00-03:00,17.7,76.0,929.8,0.0,3.2,213.0
2024-09-05 20:00:00-03:00,17.2,76.0,930.2,0.0,4.0,216.0
2024-09-05 21:00:00-03:00,17.1,77.0,930.6,0.0,3.7,207.0
2024-09-05 22:00:00-03:00,16.3,77.0,931.2,0.0,3.0,218.0
2024-09-05 23:00:00-03:00,15.8,79.0,931.1,0.0,3.6,209.0
2024-09-06 00:00:00-03:00,15.5,78.0,930.6,0.0,3.8,207.0
2024-09-06 01:00:00-03:00,15.6,80.0,930.0,0.0,1.8,212.0
2024-09-06 02:00:00-03:00,15.3,83.0,929.7,0.0,2.7,213.0
2024-09-06 03:00:00-03:00,15.8,81.0,929.0,0.0,1.8,192.0
2024-09-06 04:00:00-03:00,15.8,80.0,928.8,0.0,2.1,175.0
2024-09-06 05:00:00-03:00,15.7,81.0,929.1,0.0,1.8,177.0
2024-09-06 06:00:00-03:00,15.7,79.0,929.2,0.0,1.4,181.0
2024-09-06 07:00:00-03:00,15.8,79.0,929.7,0.0,2.1,181.0
2024-09-06 08:00:00-03:00,16.1,78.0,930.1,0.0,3.2,155.0
2024-09-06 09:00:00-03:00,17.1,73.0,930.3,0.0,1.8,163.0
2024-09-06 10:00:00-03:00,18.8,67.0,930.2,0.0,2.6,151.0
2024-09-06 11:00:00-03:00,20.0,64.0,929.7,0.0,3.9,143.0
2024-09-06 12:00:00-03:00,22.1,58.0,928.9,0.0,2.9,145.0
2024-09-06 13:00:00-03:00,21.9,58.0,928.0,0.0,2.4,179.0
2024-09-06 14:00:00-03:00,22.7,59.0,927.4,0.0,2.1,193.0
2024-09-06 15:00:00-03:00,21.8,63.0,927.2,0.0,2.4,186.0
2024-09-06 16:00:00-03:00,20.4,67.0,927.3,0.0,2.0,179.0
2024-09-06 17:00:00-03:00,18.9,72.0,927.7,0.0,2.0,182.0
2024-09-06 18:00:00-03:00,18.0,76.0,928.1,0.0,2.2,184.0
2024-09-06 19:00:00-03:00,17.8,78.0,928.6,0.0,2.2,169.0
2024-09-06 20:00:00-03:00,17.7,79.0,929.1,0.0,1.8,169.0
2024-09-06 21:00:00-03:00,17.9,79.0,929.4,0.0,1.3,165.0
2024-09-06 22:00:00-03:00,17.8,79.0,929.5,0.0,1.7,148.0
2024-09-06 23:00:00-03:00,17.6,82.0,929.4,0.0,1.5,136.0
2024-09-07 00:00:00-03:00,17.4,83.0,929.2,0.0,1.9,139.0
2024-09-07 01:00:00-03:00,17.3,84.0,928.5,0.0,2.0,125.0
2024-09-07 02:00:00-03:00,17.1,86.0,928.0,0.0,1.6,120.0
2024-09-07 03:00:00-03:00,16.8,88.0,927.6,0.0,1.4,126.0
2024-09-07 04:00:00-03:00,16.7,89.0,927.8,0.0,1.2,127.0
2024-09-07 05:00:00-03:00,16.9,90.0,928.3,0.0,1.3,104.0
2024-09-07 06:00:00-03:00,16.7,90.0,928.7,0.0,2.0,126.0
2024-09-07 07:00:00-03:00,16.8,90.0,929.5,0.0,1.4,101.0
2024-09-07 08:00:00-03:00,17.3,89.0,930.1,0.0,2.1,124.0
2024-09-07 09:00:00-03:00,19.9,81.0,930.2,0.0,1.4,104.0
2024-09-07 10:00:00-03:00,22.1,66.0,930.2,0.0,1.1,114.0
2024-09-07 11:00:00-03:00,25.3,56.0,929.7,0.0,1.0,117.0
2024-09-07 12:00:00-03:00,28.0,47.0,928.8,0.0,0.2,97.0
2024-09-07 13:00:00-03:00,31.1,35.0,927.9,0.0,0.4,193.0
2024-09-07 14:00:00-03:00,32.2,27.0,927.0,0.0,1.9,347.0
2024-09-07 15:00:00-03:00,33.1,24.0,926.6,0.0,1.9,334.0
2024-09-07 16:00:00-03:00,32.2,25.0,926.7,0.0,1.9,335.0
2024-09-07 17:00:00-03:00,31.3,24.0,926.9,0.0,1.4,339.0
2024-09-07 18:00:00-03:00,29.4,29.0,927.4,0.0,1.2,337.0
2024-09-07 19:00:00-03:00,27.1,40.0,928.0,0.0,0.7,109.0
2024-09-07 20:00:00-03:00,25.8,54.0,928.7,0.0,0.0,148.0
2024-09-07 21:00:00-03:00,24.7,54.0,929.3,0.0,0.0,117.0
2024-09-07 22:00:00-03:00,23.3,64.0,929.6,0.0,0.0,86.0
2024-09-07 23:00:00-03:00,23.5,66.0,929.8,0.0,1.6,121.0
2024-09-08 00:00:00-03:00,23.3,65.0,929.8,0.0,1.5,112.0
2024-09-08 01:00:00-03:00,22.6,67.0,929.4,0.0,1.1,111.0
2024-09-08 02:00:00-03:00,22.0,69.0,929.2,0.0,1.2,124.0
2024-09-08 03:00:00-03:00,21.6,72.0,929.1,0.0,0.8,113.0
2024-09-08 04:00:00-03:00,21.2,73.0,929.3,0.0,0.9,105.0
2024-09-08 05:00:00-03:00,20.6,75.0,930.0,0.0,1.0,115.0
2024-09-08 06:00:00-03:00,20.5,76.0,930.5,0.0,1.6,122.0
2024-09-08 07:00:00-03:00,20.9,75.0,931.1,0.0,0.6,105.0
2024-09-08 08:00:00-03:00,22.6,69.0,931.6,0.0,0.8,113.0
2024-09-08 09:00:00-03:00,24.4,59.0,932.2,0.0,0.6,89.0
2024-09-08 10:00:00-03:00,27.6,46.0,932.3,0.0,0.6,95.0
2024-09-08 11:00:00-03:00,29.7,39.0,931.9,0.0,0.5,109.0
2024-09-08 12:00:00-03:00,32.4,28.0,931.1,0.0,0.6,155.0
2024-09-08 13:00:00-03:00,33.7,22.0,930.2,0.0,0.4,283.0
2024-09-08 14:00:00-03:00,33.7,19.0,929.4,0.0,1.5,105.0
2024-09-08 15:00:00-03:00,33.8,22.0,928.9,0.0,1.0,150.0
2024-09-08 16:00:00-03:00,32.7,20.0,928.9,0.0,1.3,123.0
2024-09-08 17:00:00-03:00,31.2,22.0,929.1,0.0,1.2,124.0
2024-09-08 18:00:00-03:00,28.6,38.0,929.3,0.0,0.8,82.0
2024-09-08 19:00:00-03:00,27.0,43.0,929.6,0.0,0.3,120.0
2024-09-08 20:00:00-03:00,26.4,46.0,930.3,0.0,0.3,74.0
2024-09-08 21:00:00-03:00,25.7,48.0,930.6,0.0,0.7,84.0
2024-09-08 22:00:00-03:00,24.4,51.0,930.8,0.0,0.3,92.0
2024-09-08 23:00:00-03:00,23.4,57.0,930.5,0.0,0.9,150.0
2024-09-09 00:00:00-03:00,22.9,62.0,930.2,0.0,0.7,135.0
2024-09-09 01:00:00-03:00,21.6,66.0,929.8,0.0,0.0,138.0
2024-09-09 02:00:00-03:00,21.8,64.0,929.3,0.0,1.4,145.0
2024-09-09 03:00:00-03:00,20.9,64.0,928.9,0.0,0.4,116.0
2024-09-09 04:00:00-03:00,20.2,66.0,928.9,0.0,0.0,125.0
2024-09-09 05:00:00-03:00,20.5,63.0,929.2,0.0,0.9,114.0
2024-09-09 06:00:00-03:00,19.8,67.0,929.6,0.0,0.0,109.0
2024-09-09 07:00:00-03:00,20.8,65.0,930.3,0.0,0.1,95.0
2024-09-09 08:00:00-03:00,22.8,59.0,930.7,0.0,0.7,120.0
2024-09-09 09:00:00-03:00,25.2,51.0,931.0,0.0,0.2,122.0
2024-09-09 10:00:00-03:00,28.2,40.0,930.7,0.0,0.2,4.0
2024-09-09 11:00:00-03:00,30.5,28.0,930.2,0.0,1.0,96.0
2024-09-09 12:00:00-03:00,32.0,21.0,929.3,0.0,1.0,81.0
2024-09-09 13:00:00-03:00,33.5,16.0,928.4,0.0,1.4,138.0
2024-09-09 14:00:00-03:00,33.4,14.0,927.5,0.0,2.1,132.0
2024-09-09 15:00:00-03:00,33.5,14.0,926.9,0.0,1.4,111.0
2024-09-09 16:00:00-03:00,32.2,21.0,927.0,0.0,2.0,162.0
2024-09-09 17:00:00-03:00,30.1,16.0,927.3,0.0,2.7,155.0
2024-09-09 18:00:00-03:00,28.4,12.0,927.8,0.0,1.4,130.0
2024-09-09 19:00:00-03:00,27.1,15.0,928.1,0.0,1.3,132.0
2024-09-09 20:00:00-03:00,25.3,20.0,928.3,0.0,0.6,149.0
2024-09-09 21:00:00-03:00,24.6,22.0,928.6,0.0,0.2,95.0
2024-09-09 22:00:00-03:00,24.2,26.0,928.6,0.0,0.0,34.0
2024-09-09 23:00:00-03:00,23.0,31.0,928.4,0.0,0.0,166.0
2024-09-10 00:00:00-03:00,22.1,36.0,928.3,0.0,0.4,97.0
2024-09-10 01:00:00-03:00,21.2,42.0,928.0,0.0,0.0,71.0
2024-09-10 02:00:00-03:00,20.3,45.0,927.5,0.0,0.0,345.0
2024-09-10 03:00:00-03:00,19.4,49.0,927.2,0.0,0.0,282.0
2024-09-10 04:00:00-03:00,19.8,46.0,927.0,0.0,0.0,342.0
2024-09-10 05:00:00-03:00,19.0,49.0,927.2,0.0,0.0,281.0
2024-09-10 06:00:00-03:00,18.8,48.0,927.8,0.0,0.0,8.0
2024-09-10 07:00:00-03:00,19.7,47.0,928.5,0.0,0.0,122.0
2024-09-10 08:00:00-03:00,22.6,40.0,928.8,0.0,0.0,148.0
2024-09-10 09:00:00-03:00,25.6,32.0,929.0,0.0,0.1,104.0
2024-09-10 10:00:00-03:00,27.5,29.0,928.7,0.0,1.9,335.0
2024-09-10 11:00:00-03:00,29.5,23.0,928.3,0.0,2.8,353.0
2024-09-10 12:00:00-03:00,30.4,22.0,927.5,0.0,3.7,16.0
2024-09-10 13:00:00-03:00,31.6,19.0,926.4,0.0,3.4,355.0
2024-09-10 14:00:00-03:00,32.3,17.0,925.4,0.0,2.3,7.0
2024-09-10 15:00:00-03:00,32.5,15.0,924.8,0.0,2.0,300.0
2024-09-10 16:00:00-03:00,31.4,18.0,924.6,0.0,2.0,357.0
2024-09-10 17:00:00-03:00,30.4,18.0,924.9,0.0,1.5,16.0
2024-09-10 18:00:00-03:00,29.4,20.0,925.1,0.0,1.2,328.0
2024-09-10 19:00:00-03:00,28.2,25.0,925.5,0.0,1.3,342.0
2024-09-10 20:00:00-03:00,27.1,27.0,925.9,0.0,0.5,34.0
2024-09-10 21:00:00-03:00,25.9,31.0,926.4,0.0,1.8,125.0
2024-09-10 22:00:00-03:00,25.3,31.0,926.5,0.0,1.0,59.0
2024-09-10 23:00:00-03:00,24.9,32.0,926.4,0.0,0.8,78.0
2024-09-11 00:00:00-03:00,23.6,37.0,926.4,0.0,0.0,301.0
2024-09-11 01:00:00-03:00,23.3,38.0,926.0,0.0,1.1,99.0
2024-09-11 02:00:00-03:00,22.6,38.0,926.0,0.0,0.0,7.0
2024-09-11 03:00:00-03:00,21.5,43.0,925.8,0.0,0.4,129.0
2024-09-11 04:00:00-03:00,21.1,44.0,925.9,0.0,0.0,74.0
2024-09-11 05:00:00-03:00,20.3,48.0,926.0,0.0,0.6,105.0
2024-09-11 06:00:00-03:00,19.7,51.0,926.6,0.0,0.5,112.0
2024-09-11 07:00:00-03:00,21.3,48.0,927.4,0.0,0.6,128.0
2024-09-11 08:00:00-03:00,24.2,38.0,928.0,0.0,0.7,145.0
2024-09-11 09:00:00-03:00,26.2,33.0,928.6,0.0,0.9,139.0
2024-09-11 10:00:00-03:00,28.5,27.0,928.7,0.0,0.6,84.0
2024-09-11 11:00:00-03:00,30.6,20.0,928.3,0.0,1.6,28.0
2024-09-11 12:00:00-03:00,31.4,19.0,927.6,0.0,2.8,45.0
2024-09-11 13:00:00-03:00,32.6,17.0,926.7,0.0,2.4,70.0
2024-09-11 14:00:00-03:00,32.8,16.0,925.6,0.0,0.9,18.0
2024-09-11 15:00:00-03:00,31.8,17.0,925.1,0.0,1.4,73.0
2024-09-11 16:00:00-03:00,31.9,18.0,925.1,0.0,1.5,10.0
2024-09-11 17:00:00-03:00,31.0,17.0,925.5,0.0,1.8,326.0
2024-09-11 18:00:00-03:00,29.0,23.0,925.9,0.0,1.1,75.0
2024-09-11 19:00:00-03:00,27.7,27.0,926.5,0.0,1.3,78.0
2024-09-11 20:00:00-03:00,26.6,27.0,927.0,0.0,0.9,78.0
2024-09-11 21:00:00-03:00,25.2,31.0,927.2,0.0,0.2,82.0
2024-09-11 22:00:00-03:00,24.7,33.0,927.3,0.0,0.0,40.0
2024-09-11 23:00:00-03:00,23.5,38.0,927.5,0.0,0.0,95.0
2024-09-12 00:00:00-03:00,23.0,39.0,927.6,0.0,0.0,68.0
2024-09-12 01:00:00-03:00,22.7,41.0,927.4,0.0,0.0,105.0
2024-09-12 02:00:00-03:00,21.9,43.0,927.0,0.0,0.0,70.0
2024-09-12 03:00:00-03:00,21.2,45.0,926.7,0.0,0.3,112.0
2024-09-12 04:00:00-03:00,20.3,48.0,926.9,0.0,0.0,165.0
2024-09-12 05:00:00-03:00,19.8,51.0,927.7,0.0,0.0,155.0
2024-09-12 06:00:00-03:00,19.8,50.0,928.3,0.0,0.0,92.0
2024-09-12 07:00:00-03:00,21.2,48.0,928.9,0.0,1.2,121.0
2024-09-12 08:00:00-03:00,24.2,34.0,929.3,0.0,1.0,126.0
2024-09-12 09:00:00-03:00,27.7,27.0,929.5,0.0,0.4,81.0
2024-09-12 10:00:00-03:00,29.0,19.0,928.9,0.0,1.6,4.0
2024-09-12 11:00:00-03:00,30.1,18.0,928.0,0.0,3.8,36.0
2024-09-12 12:00:00-03:00,31.3,17.0,927.4,0.0,2.5,340.0
2024-09-12 13:00:00-03:00,32.2,15.0,926.6,0.0,2.7,36.0
2024-09-12 14:00:00-03:00,32.8,14.0,925.5,0.0,3.2,328.0
2024-09-12 15:00:00-03:00,32.9,13.0,925.0,0.0,2.4,341.0
2024-09-12 16:00:00-03:00,32.4,13.0,924.9,0.0,2.4,358.0
2024-09-12 17:00:00-03:00,31.7,13.0,925.1,0.0,1.5,323.0
2024-09-12 18:00:00-03:00,29.8,16.0,925.7,0.0,0.3,334.0
2024-09-12 19:00:00-03:00,28.3,22.0,926.0,0.0,1.1,52.0
2024-09-12 20:00:00-03:00,28.1,20.0,926.4,0.0,1.0,59.0
2024-09-12 21:00:00-03:00,26.5,23.0,926.8,0.0,0.2,42.0
2024-09-12 22:00:00-03:00,25.1,29.0,927.0,0.0,0.5,70.0
2024-09-12 23:00:00-03:00,24.3,30.0,927.3,0.0,0.0,42.0
2024-09-13 00:00:00-03:00,23.9,32.0,927.2,0.0,0.0,76.0
2024-09-13 01:00:00-03:00,22.7,35.0,926.8,0.0,0.0,99.0
2024-09-13 02:00:00-03:00,22.1,37.0,926.4,0.0,0.0,121.0
2024-09-13 03:00:00-03:00,21.8,39.0,926.0,0.0,0.0,119.0
2024-09-13 04:00:00-03:00,20.8,44.0,926.1,0.0,0.5,157.0
2024-09-13 05:00:00-03:00,20.3,45.0,926.5,0.0,0.5,104.0
2024-09-13 06:00:00-03:00,19.8,44.0,927.0,0.0,0.0,114.0
2024-09-13 07:00:00-03:00,20.9,43.0,928.0,0.0,0.8,129.0
2024-09-13 08:00:00-03:00,23.4,35.0,928.6,0.0,0.9,109.0
2024-09-13 09:00:00-03:00,25.8,30.0,928.8,0.0,1.1,126.0
2024-09-13 10:00:00-03:00,27.9,26.0,928.5,0.0,1.6,133.0
2024-09-13 11:00:00-03:00,31.0,20.0,927.8,0.0,2.3,79.0
2024-09-13 12:00:00-03:00,31.0,19.0,926.9,0.0,3.1,24.0
2024-09-13 13:00:00-03:00,32.1,17.0,926.0,0.0,2.6,55.0
2024-09-13 14:00:00-03:00,33.0,17.0,925.0,0.0,1.7,97.0
2024-09-13 15:00:00-03:00,32.7,17.0,924.2,0.0,1.2,79.0
2024-09-13 16:00:00-03:00,32.1,18.0,924.2,0.0,1.5,55.0
2024-09-13 17:00:00-03:00,31.1,18.0,924.4,0.0,1.1,73.0
2024-09-13 18:00:00-03:00,29.0,23.0,924.7,0.0,0.9,68.0
2024-09-13 19:00:00-03:00,28.0,23.0,924.9,0.0,1.3,55.0
2024-09-13 20:00:00-03:00,28.1,22.0,925.1,0.0,2.9,61.0
2024-09-13 21:00:00-03:00,27.1,24.0,925.4,0.0,1.2,52.0
2024-09-13 22:00:00-03:00,25.9,27.0,925.6,0.0,0.4,80.0
2024-09-13 23:00:00-03:00,26.3,25.0,925.6,0.0,0.7,64.0
2024-09-14 00:00:00-03:00,27.0,22.0,925.0,0.0,2.4,50.0
2024-09-14 01:00:00-03:00,26.7,23.0,924.5,0.0,1.7,54.0
2024-09-14 02:00:00-03:00,23.0,32.0,924.8,0.0,0.0,207.0
2024-09-14 03:00:00-03:00,22.8,33.0,925.3,0.0,0.0,195.0
2024-09-14 04:00:00-03:00,21.9,40.0,925.3,0.0,1.3,147.0
2024-09-14 05:00:00-03:00,21.2,43.0,925.5,0.0,1.3,146.0
2024-09-14 06:00:00-03:00,20.7,45.0,925.8,0.0,0.6,129.0
2024-09-14 07:00:00-03:00,21.6,45.0,926.7,0.0,0.0,183.0
2024-09-14 08:00:00-03:00,24.4,36.0,927.8,0.0,1.2,191.0
2024-09-14 09:00:00-03:00,23.8,51.0,928.9,0.0,2.7,220.0
2024-09-14 10:00:00-03:00,24.5,48.0,929.0,0.0,1.2,206.0
2024-09-14 11:00:00-03:00,27.4,37.0,928.6,0.0,1.7,169.0
2024-09-14 12:00:00-03:00,27.1,35.0,928.0,0.0,2.1,255.0
2024-09-14 13:00:00-03:00,29.0,31.0,927.3,0.0,2.0,241.0
2024-09-14 14:00:00-03:00,29.4,31.0,926.5,0.0,1.9,182.0
2024-09-14 15:00:00-03:00,28.7,33.0,926.2,0.0,1.7,184.0
2024-09-14 16:00:00-03:00,27.1,38.0,926.5,0.0,1.4,175.0
2024-09-14 17:00:00-03:00,25.4,41.0,926.6,0.0,2.2,148.0
2024-09-14 18:00:00-03:00,24.5,41.0,927.7,0.0,2.9,152.0
2024-09-14 19:00:00-03:00,23.6,43.0,928.6,0.0,1.9,192.0
2024-09-14 20:00:00-03:00,22.6,49.0,929.1,0.0,2.4,164.0
2024-09-14 21:00:00-03:00,22.0,53.0,929.5,0.0,2.4,148.0
2024-09-14 22:00:00-03:00,21.4,57.0,930.0,0.0,1.9,170.0
2024-09-14 23:00:00-03:00,20.8,60.0,930.4,0.0,2.2,195.0
2024-09-15 00:00:00-03:00,19.0,70.0,930.5,0.0,3.7,202.0
2024-09-15 01:00:00-03:00,18.8,74.0,930.2,0.0,2.5,192.0
2024-09-15 02:00:00-03:00,18.7,75.0,930.1,0.0,2.0,177.0
2024-09-15 03:00:00-03:00,18.8,75.0,929.5,0.0,2.1,178.0
2024-09-15 04:00:00-03:00,18.8,77.0,929.4,0.0,2.2,179.0
2024-09-15 05:00:00-03:00,18.9,78.0,929.9,0.0,2.4,177.0
2024-09-15 06:00:00-03:00,18.3,78.0,930.8,0.0,2.3,179.0
2024-09-15 07:00:00-03:00,18.2,77.0,931.3,0.0,2.9,178.0
2024-09-15 08:00:00-03:00,18.2,77.0,931.9,0.0,2.4,189.0
2024-09-15 09:00:00-03:00,18.3,77.0,932.2,0.0,2.4,196.0
2024-09-15 10:00:00-03:00,18.5,75.0,932.0,0.0,2.1,166.0
2024-09-15 11:00:00-03:00,20.5,66.0,931.2,0.0,2.4,171.0
2024-09-15 12:00:00-03:00,21.7,62.0,929.9,0.0,2.2,184.0
2024-09-15 13:00:00-03:00,21.8,62.0,929.0,0.0,2.5,192.0
2024-09-15 14:00:00-03:00,21.0,64.0,928.0,0.0,2.9,207.0
2024-09-15 15:00:00-03:00,20.1,69.0,927.9,0.0,2.4,205.0
2024-09-15 16:00:00-03:00,18.7,76.0,928.1,0.0,3.1,191.0
2024-09-15 17:00:00-03:00,18.4,80.0,928.7,0.0,2.8,191.0
2024-09-15 18:00:00-03:00,18.3,80.0,929.1,0.0,2.4,196.0
2024-09-15 19:00:00-03:00,18.1,81.0,929.9,0.0,2.1,204.0
2024-09-15 20:00:00-03:00,17.5,86.0,930.4,0.0,3.0,218.0
2024-09-15 21:00:00-03:00,18.1,84.0,930.1,0.0,2.2,175.0
2024-09-15 22:00:00-03:00,17.9,84.0,930.5,0.0,2.1,200.0
2024-09-15 23:00:00-03:00,17.9,84.0,930.3,0.0,2.0,209.0
2024-09-16 00:00:00-03:00,17.5,87.0,929.8,0.0,2.5,210.0
2024-09-16 01:00:00-03:00,17.0,90.0,928.8,0.2,2.2,214.0
2024-09-16 02:00:00-03:00,16.4,89.0,928.4,0.0,1.6,230.0
2024-09-16 03:00:00-03:00,16.2,90.0,927.7,0.0,0.5,222.0
2024-09-16 04:00:00-03:00,16.5,88.0,927.4,0.0,2.1,212.0
2024-09-16 05:00:00-03:00,16.7,86.0,928.2,0.0,1.6,255.0
2024-09-16 06:00:00-03:00,16.4,89.0,929.3,1.4,2.1,292.0
2024-09-16 07:00:00-03:00,16.2,91.0,930.4,3.0,1.7,291.0
2024-09-16 08:00:00-03:00,15.6,90.0,931.0,3.4,1.5,294.0
2024-09-16 09:00:00-03:00,16.0,91.0,931.0,2.4,0.0,237.0
2024-09-16 10:00:00-03:00,16.0,90.0,930.8,0.2,0.4,197.0
2024-09-16 11:00:00-03:00,16.1,89.0,931.1,0.4,1.6,225.0
2024-09-16 12:00:00-03:00,16.3,88.0,930.8,0.2,1.5,226.0
2024-09-16 13:00:00-03:00,16.4,86.0,930.3,0.0,1.7,220.0
2024-09-16 14:00:00-03:00,16.7,84.0,929.8,0.0,2.0,213.0
2024-09-16 15:00:00-03:00,16.2,85.0,930.2,0.0,2.2,214.0
2024-09-16 16:00:00-03:00,15.6,86.0,930.8,0.0,1.9,229.0
2024-09-16 17:00:00-03:00,15.3,86.0,931.4,0.0,2.6,220.0
2024-09-16 18:00:00-03:00,15.0,89.0,932.1,0.2,1.8,210.0
2024-09-16 19:00:00-03:00,15.1,87.0,932.3,0.0,2.6,210.0
2024-09-16 20:00:00-03:00,15.2,86.0,932.8,0.0,2.1,208.0
2024-09-16 21:00:00-03:00,15.3,86.0,933.1,0.0,1.4,198.0
2024-09-16 22:00:00-03:00,15.1,85.0,933.3,0.0,1.9,179.0
2024-09-16 23:00:00-03:00,14.6,89.0,932.8,0.0,1.5,159.0
2024-09-17 00:00:00-03:00,14.5,90.0,932.6,0.2,1.0,171.0
2024-09-17 01:00:00-03:00,14.4,91.0,932.1,0.0,1.3,180.0
2024-09-17 02:00:00-03:00,14.3,91.0,931.6,0.4,1.1,175.0
2024-09-17 03:00:00-03:00,14.1,91.0,931.1,0.0,1.1,177.0
2024-09-17 04:00:00-03:00,14.1,92.0,930.9,0.0,1.4,161.0
2024-09-17 05:00:00-03:00,14.2,91.0,930.9,0.2,1.7,147.0
2024-09-17 06:00:00-03:00,14.2,91.0,931.5,0.2,1.8,160.0
2024-09-17 07:00:00-03:00,14.8,90.0,932.2,0.0,2.1,160.0
2024-09-17 08:00:00-03:00,14.9,89.0,932.6,0.0,1.8,175.0
2024-09-17 09:00:00-03:00,15.3,84.0,933.1,0.2,3.2,200.0
2024-09-17 10:00:00-03:00,15.0,88.0,933.4,0.2,2.5,184.0
2024-09-17 11:00:00-03:00,16.2,78.0,933.2,0.0,1.9,178.0
2024-09-17 12:00:00-03:00,17.6,71.0,932.7,0.0,3.0,184.0
2024-09-17 13:00:00-03:00,17.4,70.0,932.0,0.0,2.7,184.0
2024-09-17 14:00:00-03:00,17.6,66.0,931.3,0.0,2.3,191.0
2024-09-17 15:00:00-03:00,16.7,71.0,931.1,0.0,3.2,196.0
2024-09-17 16:00:00-03:00,15.9,73.0,931.1,0.0,3.3,192.0
2024-09-17 17:00:00-03:00,15.6,75.0,931.2,0.0,3.5,164.0
2024-09-17 18:00:00-03:00,15.3,77.0,931.5,0.0,2.1,174.0
2024-09-17 19:00:00-03:00,15.2,78.0,931.6,0.0,2.6,163.0
2024-09-17 20:00:00-03:00,15.0,79.0,931.9,0.0,3.0,161.0
2024-09-17 21:00:00-03:00,14.9,80.0,932.2,0.0,3.4,159.0
2024-09-17 22:00:00-03:00,14.9,82.0,932.2,0.0,3.2,158.0
2024-09-17 23:00:00-03:00,14.9,82.0,932.1,0.0,4.2,151.0
2024-09-18 00:00:00-03:00,14.9,82.0,932.0,0.0,3.6,149.0
2024-09-18 01:00:00-03:00,15.0,82.0,931.3,0.0,3.0,152.0
2024-09-18 02:00:00-03:00,15.0,82.0,930.6,0.0,3.1,151.0
2024-09-18 03:00:00-03:00,15.0,81.0,929.9,0.0,2.8,134.0
2024-09-18 04:00:00-03:00,15.0,79.0,929.6,0.0,3.6,144.0
2024-09-18 05:00:00-03:00,14.8,80.0,929.5,0.0,3.4,136.0
2024-09-18 06:00:00-03:00,15.0,80.0,930.1,0.0,2.3,132.0
2024-09-18 07:00:00-03:00,15.5,77.0,930.4,0.0,3.9,124.0
2024-09-18 08:00:00-03:00,15.8,77.0,930.9,0.0,4.9,118.0
2024-09-18 09:00:00-03:00,16.8,74.0,931.9,0.0,3.3,130.0
2024-09-18 10:00:00-03:00,18.0,70.0,932.2,0.0,2.1,156.0
2024-09-18 11:00:00-03:00,17.7,71.0,933.0,0.0,3.2,220.0
2024-09-18 12:00:00-03:00,18.4,69.0,931.7,0.0,1.3,186.0
2024-09-18 13:00:00-03:00,19.7,63.0,930.0,0.0,1.8,108.0
2024-09-18 14:00:00-03:00,19.8,65.0,928.3,0.0,2.1,78.0
2024-09-18 15:00:00-03:00,20.7,64.0,927.2,0.0,2.3,138.0
2024-09-18 16:00:00-03:00,20.9,62.0,927.8,0.0,2.0,144.0
2024-09-18 17:00:00-03:00,20.7,63.0,928.0,0.0,1.2,131.0
2024-09-18 18:00:00-03:00,17.3,81.0,928.7,0.0,1.7,228.0
2024-09-18 19:00:00-03:00,17.0,84.0,929.1,0.0,1.2,216.0
2024-09-18 20:00:00-03:00,16.9,84.0,929.2,0.0,1.3,151.0
2024-09-18 21:00:00-03:00,17.0,84.0,929.4,0.0,1.6,154.0
2024-09-18 22:00:00-03:00,16.9,84.0,929.3,0.0,1.9,145.0
2024-09-18 23:00:00-03:00,16.7,84.0,928.9,0.0,2.2,140.0
2024-09-19 00:00:00-03:00,16.2,86.0,928.4,0.0,2.4,139.0
2024-09-19 01:00:00-03:00,16.2,86.0,927.8,0.0,1.5,116.0
2024-09-19 02:00:00-03:00,16.2,86.0,927.0,0.0,3.1,117.0
2024-09-19 03:00:00-03:00,16.2,86.0,926.5,0.0,3.5,115.0
2024-09-19 04:00:00-03:00,16.1,86.0,926.6,0.0,3.1,123.0
2024-09-19 05:00:00-03:00,16.0,86.0,926.9,0.0,1.9,115.0
2024-09-19 06:00:00-03:00,15.8,87.0,927.5,0.0,2.4,133.0
2024-09-19 07:00:00-03:00,16.0,87.0,928.0,0.0,1.9,109.0
2024-09-19 08:00:00-03:00,17.1,83.0,928.7,0.0,1.6,136.0
2024-09-19 09:00:00-03:00,18.9,72.0,928.6,0.0,2.1,109.0
2024-09-19 10:00:00-03:00,20.7,65.0,928.7,0.0,1.8,142.0
2024-09-19 11:00:00-03:00,20.2,66.0,928.9,0.0,0.2,139.0
2024-09-19 12:00:00-03:00,22.1,61.0,927.3,0.0,0.9,120.0
2024-09-19 13:00:00-03:00,24.4,55.0,927.2,0.0,2.2,214.0
2024-09-19 14:00:00-03:00,23.9,55.0,926.2,0.0,0.6,232.0
2024-09-19 15:00:00-03:00,23.6,58.0,925.9,0.0,1.2,215.0
2024-09-19 16:00:00-03:00,21.9,71.0,925.6,0.0,0.4,221.0
2024-09-19 17:00:00-03:00,20.8,73.0,926.3,0.0,2.6,217.0
2024-09-19 18:00:00-03:00,18.4,84.0,926.7,0.0,1.0,201.0
2024-09-19 19:00:00-03:00,18.6,85.0,927.2,0.0,0.0,174.0
2024-09-19 20:00:00-03:00,17.8,87.0,928.3,0.2,3.4,215.0
2024-09-19 21:00:00-03:00,17.7,90.0,928.6,0.2,1.3,198.0
2024-09-19 22:00:00-03:00,17.8,90.0,928.7,0.0,1.8,56.0
2024-09-19 23:00:00-03:00,17.7,89.0,927.4,0.0,1.9,150.0
2024-09-20 00:00:00-03:00,17.4,89.0,927.1,0.2,1.1,131.0
2024-09-20 01:00:00-03:00,17.1,89.0,926.6,0.0,0.1,99.0
2024-09-20 02:00:00-03:00,17.2,89.0,925.8,0.0,0.5,109.0
2024-09-20 03:00:00-03:00,16.6,90.0,925.3,0.0,0.0,148.0
2024-09-20 04:00:00-03:00,16.6,91.0,924.4,0.0,0.2,96.0
2024-09-20 05:00:00-03:00,16.5,90.0,924.0,0.0,1.4,110.0
2024-09-20 06:00:00-03:00,16.5,90.0,924.4,0.0,0.4,108.0
2024-09-20 07:00:00-03:00,18.1,89.0,925.3,0.0,0.7,106.0
2024-09-20 08:00:00-03:00,20.4,75.0,926.2,0.0,1.3,112.0
2024-09-20 09:00:00-03:00,23.5,63.0,926.3,0.0,1.0,94.0
2024-09-20 10:00:00-03:00,27.2,48.0,926.3,0.0,2.1,26.0
2024-09-20 11:00:00-03:00,29.4,36.0,925.8,0.0,2.9,1.0
2024-09-20 12:00:00-03:00,30.6,32.0,924.7,0.0,4.4,4.0
2024-09-20 13:00:00-03:00,31.3,29.0,924.0,0.0,4.6,345.0
2024-09-20 14:00:00-03:00,32.3,28.0,923.0,0.0,4.1,356.0
2024-09-20 15:00:00-03:00,32.4,27.0,922.5,0.0,3.4,10.0
2024-09-20 16:00:00-03:00,32.3,27.0,922.3,0.0,3.9,349.0
2024-09-20 17:00:00-03:00,31.4,28.0,922.6,0.0,2.0,347.0
2024-09-20 18:00:00-03:00,28.9,31.0,923.1,0.0,1.9,260.0
2024-09-20 19:00:00-03:00,21.5,75.0,926.0,0.0,3.2,227.0
2024-09-20 20:00:00-03:00,19.4,83.0,927.6,0.0,2.7,238.0
2024-09-20 21:00:00-03:00,19.8,72.0,927.8,0.0,3.5,243.0
2024-09-20 22:00:00-03:00,19.6,70.0,929.1,0.0,3.4,270.0
2024-09-20 23:00:00-03:00,19.4,72.0,928.7,0.0,1.1,261.0
2024-09-21 00:00:00-03:00,18.3,81.0,926.5,0.6,1.4,170.0
2024-09-21 01:00:00-03:00,18.9,77.0,926.7,0.0,1.6,75.0
2024-09-21 02:00:00-03:00,19.0,73.0,926.0,0.0,1.8,82.0
2024-09-21 03:00:00-03:00,19.1,72.0,926.0,0.0,1.0,327.0
2024-09-21 04:00:00-03:00,18.8,74.0,925.7,0.0,0.0,69.0
2024-09-21 05:00:00-03:00,18.7,77.0,925.7,0.0,0.0,85.0
2024-09-21 06:00:00-03:00,18.3,79.0,926.2,0.0,0.0,282.0
2024-09-21 07:00:00-03:00,19.1,75.0,927.2,0.0,1.0,254.0
2024-09-21 08:00:00-03:00,20.8,71.0,927.5,0.0,0.7,20.0
2024-09-21 09:00:00-03:00,23.7,57.0,927.7,0.2,0.8,27.0
2024-09-21 10:00:00-03:00,25.1,46.0,927.7,0.0,0.4,53.0
2024-09-21 11:00:00-03:00,26.6,40.0,927.2,0.0,1.5,309.0
2024-09-21 12:00:00-03:00,26.5,42.0,926.8,0.0,1.7,340.0
2024-09-21 13:00:00-03:00,26.8,41.0,926.0,0.0,1.2,248.0
2024-09-21 14:00:00-03:00,27.3,41.0,925.4,0.0,0.7,178.0
2024-09-21 15:00:00-03:00,27.2,42.0,924.9,0.0,1.2,213.0
2024-09-21 16:00:00-03:00,24.8,52.0,925.1,0.0,2.4,211.0
2024-09-21 17:00:00-03:00,24.2,46.0,925.7,0.0,2.0,229.0
2024-09-21 18:00:00-03:00,23.4,47.0,926.0,0.0,1.2,232.0
2024-09-21 19:00:00-03:00,22.8,54.0,926.2,0.0,0.6,161.0
2024-09-21 20:00:00-03:00,22.1,67.0,926.3,0.0,2.2,139.0
2024-09-21 21:00:00-03:00,21.8,66.0,926.8,0.0,1.5,145.0
2024-09-21 22:00:00-03:00,21.5,64.0,926.8,0.0,1.4,133.0
2024-09-21 23:00:00-03:00,20.9,67.0,926.4,0.0,2.1,123.0
2024-09-22 00:00:00-03:00,20.4,73.0,926.0,0.0,2.2,123.0
2024-09-22 01:00:00-03:00,19.7,79.0,925.7,0.0,2.0,132.0
2024-09-22 02:00:00-03:00,19.3,83.0,925.2,0.0,1.6,121.0
2024-09-22 03:00:00-03:00,19.0,82.0,924.9,0.0,2.0,123.0
2024-09-22 04:00:00-03:00,18.6,84.0,925.1,0.0,1.9,124.0
2024-09-22 05:00:00-03:00,18.1,86.0,925.3,0.0,1.0,108.0
2024-09-22 06:00:00-03:00,17.9,87.0,925.8,0.0,0.9,118.0
2024-09-22 07:00:00-03:00,19.1,84.0,926.6,0.0,1.5,111.0
2024-09-22 08:00:00-03:00,21.6,72.0,927.5,0.0,1.0,107.0
2024-09-22 09:00:00-03:00,24.2,62.0,927.7,0.0,1.0,116.0
2024-09-22 10:00:00-03:00,26.0,52.0,927.3,0.0,1.3,138.0
2024-09-22 11:00:00-03:00,28.0,46.0,926.3,0.0,1.3,66.0
2024-09-22 12:00:00-03:00,29.9,36.0,925.2,0.0,1.2,109.0
2024-09-22 13:00:00-03:00,30.8,32.0,924.1,0.0,1.5,248.0
2024-09-22 14:00:00-03:00,31.4,29.0,923.4,0.0,1.8,328.0
2024-09-22 15:00:00-03:00,31.8,28.0,923.0,0.0,1.5,307.0
2024-09-22 16:00:00-03:00,30.3,30.0,923.1,0.0,2.9,295.0
2024-09-22 17:00:00-03:00,27.6,42.0,923.8,0.0,2.1,239.0
2024-09-22 18:00:00-03:00,25.2,50.0,924.6,0.0,0.9,235.0
2024-09-22 19:00:00-03:00,24.2,55.0,925.2,0.0,0.7,203.0
2024-09-22 20:00:00-03:00,23.9,53.0,925.7,0.0,0.9,160.0
2024-09-22 21:00:00-03:00,23.0,57.0,925.9,0.0,0.6,121.0
2024-09-22 22:00:00-03:00,22.2,61.0,926.2,0.0,0.0,79.0
2024-09-22 23:00:00-03:00,22.0,64.0,926.0,0.0,0.6,108.0
2024-09-23 00:00:00-03:00,21.1,67.0,925.9,0.0,0.4,95.0
2024-09-23 01:00:00-03:00,20.4,70.0,925.9,0.0,0.4,134.0
2024-09-23 02:00:00-03:00,20.3,71.0,925.6,0.0,0.0,140.0
2024-09-23 03:00:00-03:00,20.6,70.0,925.5,0.0,0.0,90.0
2024-09-23 04:00:00-03:00,20.0,72.0,925.6,0.0,0.0,97.0
2024-09-23 05:00:00-03:00,19.7,72.0,926.1,0.0,0.0,73.0
2024-09-23 06:00:00-03:00,19.0,75.0,926.5,0.0,0.1,95.0
2024-09-23 07:00:00-03:00,21.0,68.0,927.0,0.0,1.2,131.0
2024-09-23 08:00:00-03:00,23.3,62.0,927.3,0.0,1.0,104.0
2024-09-23 09:00:00-03:00,25.8,55.0,926.9,0.0,1.8,117.0
2024-09-23 10:00:00-03:00,29.2,41.0,926.5,0.0,0.5,102.0
2024-09-23 11:00:00-03:00,30.4,30.0,926.0,0.0,1.3,128.0
2024-09-23 12:00:00-03:00,31.8,26.0,925.6,0.0,1.7,258.0
2024-09-23 13:00:00-03:00,32.5,22.0,924.8,0.0,2.0,300.0
2024-09-23 14:00:00-03:00,33.6,18.0,924.2,0.0,1.8,271.0
2024-09-23 15:00:00-03:00,33.6,16.0,923.7,0.0,2.0,274.0
2024-09-23 16:00:00-03:00,30.3,29.0,924.4,0.0,4.2,210.0
2024-09-23 17:00:00-03:00,28.3,29.0,925.0,0.0,2.6,207.0
2024-09-23 18:00:00-03:00,26.2,28.0,925.6,0.0,1.7,184.0
2024-09-23 19:00:00-03:00,25.5,31.0,926.4,0.0,1.7,155.0
2024-09-23 20:00:00-03:00,24.8,33.0,926.8,0.0,1.3,148.0
2024-09-23 21:00:00-03:00,23.8,40.0,927.1,0.0,1.9,141.0
2024-09-23 22:00:00-03:00,22.7,47.0,926.7,0.0,0.1,108.0
2024-09-23 23:00:00-03:00,21.9,50.0,926.5,0.0,0.2,201.0
2024-09-24 00:00:00-03:00,21.8,52.0,926.5,0.0,0.1,203.0
2024-09-24 01:00:00-03:00,21.6,53.0,926.2,0.0,0.0,83.0
2024-09-24 02:00:00-03:00,20.5,57.0,925.8,0.0,0.2,109.0
2024-09-24 03:00:00-03:00,20.1,60.0,925.5,0.0,0.0,135.0
2024-09-24 04:00:00-03:00,20.0,64.0,925.5,0.0,0.0,154.0
2024-09-24 05:00:00-03:00,19.6,67.0,926.2,0.0,0.0,162.0
2024-09-24 06:00:00-03:00,19.9,71.0,926.7,0.0,1.0,146.0
2024-09-24 07:00:00-03:00,22.0,64.0,927.3,0.0,0.8,109.0
2024-09-24 08:00:00-03:00,23.7,58.0,927.7,0.0,1.5,125.0
2024-09-24 09:00:00-03:00,25.8,49.0,927.8,0.0,1.9,129.0
2024-09-24 10:00:00-03:00,27.9,41.0,927.6,0.0,1.4,128.0
2024-09-24 11:00:00-03:00,30.1,36.0,927.2,0.0,0.7,197.0
2024-09-24 12:00:00-03:00,32.8,30.0,926.1,0.0,0.8,360.0
2024-09-24 13:00:00-03:00,33.1,18.0,925.3,0.0,3.0,321.0
2024-09-24 14:00:00-03:00,33.9,17.0,924.6,0.0,0.8,100.0
2024-09-24 15:00:00-03:00,35.2,14.0,924.2,0.0,1.2,211.0
2024-09-24 16:00:00-03:00,31.3,35.0,924.2,0.0,2.4,191.0
2024-09-24 17:00:00-03:00,27.7,47.0,924.7,0.0,1.5,175.0
2024-09-24 18:00:00-03:00,25.1,57.0,925.0,0.0,1.8,222.0
2024-09-24 19:00:00-03:00,23.4,64.0,925.3,0.0,1.3,199.0
2024-09-24 20:00:00-03:00,23.0,66.0,925.8,0.0,1.1,187.0
2024-09-24 21:00:00-03:00,23.1,64.0,926.4,0.0,1.0,139.0
2024-09-24 22:00:00-03:00,22.7,65.0,926.4,0.0,0.4,145.0
2024-09-24 23:00:00-03:00,22.4,66.0,926.2,0.0,0.3,147.0
2024-09-25 00:00:00-03:00,22.6,64.0,925.7,0.0,1.5,104.0
2024-09-25 01:00:00-03:00,22.4,61.0,925.1,0.0,1.6,103.0
2024-09-25 02:00:00-03:00,22.4,59.0,924.7,0.0,2.2,117.0
2024-09-25 03:00:00-03:00,21.6,62.0,924.5,0.0,1.1,135.0
2024-09-25 04:00:00-03:00,21.2,66.0,924.5,0.0,1.4,124.0
2024-09-25 05:00:00-03:00,20.5,68.0,924.9,0.0,0.0,123.0
2024-09-25 06:00:00-03:00,20.2,73.0,925.5,0.0,0.1,139.0
2024-09-25 07:00:00-03:00,22.2,68.0,926.1,0.0,1.7,137.0
2024-09-25 08:00:00-03:00,23.8,62.0,926.5,0.0,1.6,103.0
2024-09-25 09:00:00-03:00,27.2,47.0,926.0,0.0,1.5,99.0
2024-09-25 10:00:00-03:00,30.1,39.0,925.8,0.0,0.6,24.0
2024-09-25 11:00:00-03:00,32.1,26.0,925.4,0.0,2.6,26.0
2024-09-25 12:00:00-03:00,32.9,23.0,924.5,0.0,2.7,307.0
2024-09-25 13:00:00-03:00,34.8,18.0,923.9,0.0,2.2,262.0
2024-09-25 14:00:00-03:00,34.9,16.0,923.1,0.0,1.3,251.0
2024-09-25 15:00:00-03:00,34.8,16.0,922.5,0.0,1.2,280.0
2024-09-25 16:00:00-03:00,34.5,16.0,922.3,0.0,1.0,205.0
2024-09-25 17:00:00-03:00,31.9,26.0,922.5,0.0,2.2,223.0
2024-09-25 18:00:00-03:00,29.8,31.0,923.2,0.0,1.5,179.0
2024-09-25 19:00:00-03:00,28.7,36.0,923.8,0.0,1.5,215.0
2024-09-25 20:00:00-03:00,28.2,37.0,924.4,0.0,1.6,114.0
2024-09-25 21:00:00-03:00,27.0,38.0,925.0,0.0,1.4,111.0
2024-09-25 22:00:00-03:00,26.3,41.0,925.0,0.0,0.9,131.0
2024-09-25 23:00:00-03:00,25.4,46.0,925.1,0.0,1.0,75.0
2024-09-26 00:00:00-03:00,24.4,49.0,924.8,0.0,0.0,105.0
2024-09-26 01:00:00-03:00,23.6,50.0,924.1,0.0,0.3,102.0
2024-09-26 02:00:00-03:00,23.8,49.0,923.8,0.0,1.3,134.0
2024-09-26 03:00:00-03:00,23.1,51.0,923.4,0.0,0.4,107.0
2024-09-26 04:00:00-03:00,22.7,53.0,923.5,0.0,0.9,128.0
2024-09-26 05:00:00-03:00,22.1,56.0,924.0,0.0,1.1,139.0
2024-09-26 06:00:00-03:00,21.9,57.0,924.2,0.0,1.1,87.0
2024-09-26 07:00:00-03:00,23.1,53.0,924.6,0.0,0.8,87.0
2024-09-26 08:00:00-03:00,25.6,45.0,925.0,0.0,1.5,123.0
2024-09-26 09:00:00-03:00,29.0,33.0,925.3,0.0,0.5,95.0
2024-09-26 10:00:00-03:00,30.4,29.0,925.0,0.0,1.2,75.0
2024-09-26 11:00:00-03:00,32.1,24.0,924.6,0.0,3.2,9.0
2024-09-26 12:00:00-03:00,33.2,21.0,924.0,0.0,3.3,343.0
2024-09-26 13:00:00-03:00,34.3,19.0,923.1,0.0,2.5,318.0
2024-09-26 14:00:00-03:00,35.1,16.0,922.0,0.0,2.6,26.0
2024-09-26 15:00:00-03:00,35.9,14.0,921.4,0.0,2.0,9.0
2024-09-26 16:00:00-03:00,34.8,16.0,921.4,0.0,3.6,352.0
2024-09-26 17:00:00-03:00,34.2,17.0,921.5,0.0,2.3,352.0
2024-09-26 18:00:00-03:00,32.2,20.0,921.5,0.0,0.0,45.0
2024-09-26 19:00:00-03:00,31.2,22.0,921.8,0.0,0.9,53.0
2024-09-26 20:00:00-03:00,29.6,26.0,922.0,0.0,0.7,82.0
2024-09-26 21:00:00-03:00,28.2,30.0,922.6,0.0,0.8,154.0
2024-09-26 22:00:00-03:00,27.3,32.0,922.9,0.0,0.6,235.0
2024-09-26 23:00:00-03:00,25.5,50.0,923.1,0.0,0.7,209.0
2024-09-27 00:00:00-03:00,23.8,62.0,923.2,0.0,2.2,210.0
2024-09-27 01:00:00-03:00,21.5,72.0,923.0,0.0,1.9,191.0
2024-09-27 02:00:00-03:00,20.6,76.0,922.8,0.0,1.4,206.0
2024-09-27 03:00:00-03:00,20.9,80.0,923.1,0.0,2.1,271.0
2024-09-27 04:00:00-03:00,21.2,80.0,923.4,0.0,0.9,320.0
2024-09-27 05:00:00-03:00,21.0,73.0,924.0,0.0,2.9,281.0
2024-09-27 06:00:00-03:00,20.1,72.0,924.9,0.0,2.5,260.0
2024-09-27 07:00:00-03:00,21.2,65.0,924.9,0.0,0.3,201.0
2024-09-27 08:00:00-03:00,21.5,66.0,925.4,0.2,0.0,37.0
2024-09-27 09:00:00-03:00,22.6,63.0,924.7,0.0,1.2,110.0
2024-09-27 10:00:00-03:00,20.8,73.0,925.2,1.0,1.6,86.0
2024-09-27 11:00:00-03:00,23.3,62.0,925.3,0.0,0.2,357.0
2024-09-27 12:00:00-03:00,24.8,56.0,925.2,0.0,1.4,306.0
2024-09-27 13:00:00-03:00,26.4,46.0,924.1,0.0,3.0,296.0
2024-09-27 14:00:00-03:00,25.8,55.0,923.6,0.0,3.4,201.0
2024-09-27 15:00:00-03:00,24.3,60.0,923.9,0.0,3.6,208.0
2024-09-27 16:00:00-03:00,20.4,72.0,924.8,0.0,3.4,229.0
2024-09-27 17:00:00-03:00,19.1,73.0,925.8,0.0,2.5,204.0
2024-09-27 18:00:00-03:00,18.2,76.0,926.7,0.0,3.1,215.0
2024-09-27 19:00:00-03:00,17.3,63.0,927.7,0.0,2.8,211.0
2024-09-27 20:00:00-03:00,17.4,64.0,928.2,0.0,2.1,222.0
2024-09-27 21:00:00-03:00,16.9,69.0,929.0,0.0,2.9,204.0
2024-09-27 22:00:00-03:00,16.8,69.0,929.3,0.0,3.4,194.0
2024-09-27 23:00:00-03:00,16.8,67.0,929.4,0.0,2.2,189.0
2024-09-28 00:00:00-03:00,16.7,69.0,929.1,0.0,1.9,190.0
2024-09-28 01:00:00-03:00,16.6,70.0,928.7,0.0,1.6,182.0
2024-09-28 02:00:00-03:00,16.5,69.0,928.2,0.0,2.5,186.0
2024-09-28 03:00:00-03:00,16.1,68.0,927.9,0.0,2.2,168.0
2024-09-28 04:00:00-03:00,15.6,69.0,927.8,0.0,2.1,185.0
2024-09-28 05:00:00-03:00,15.6,70.0,928.3,0.0,2.4,169.0
2024-09-28 06:00:00-03:00,15.5,73.0,929.0,0.0,2.6,159.0
2024-09-28 07:00:00-03:00,16.3,68.0,929.7,0.0,2.7,151.0
2024-09-28 08:00:00-03:00,18.6,62.0,930.7,0.0,2.2,165.0
2024-09-28 09:00:00-03:00,19.1,56.0,931.0,0.0,2.0,174.0
2024-09-28 10:00:00-03:00,21.8,49.0,931.0,0.0,2.0,164.0
2024-09-28 11:00:00-03:00,22.3,48.0,930.5,0.0,2.3,148.0
2024-09-28 12:00:00-03:00,22.7,46.0,929.7,0.0,3.2,147.0
2024-09-28 13:00:00-03:00,22.1,52.0,928.8,0.0,3.1,169.0
2024-09-28 14:00:00-03:00,20.8,59.0,928.7,0.0,3.1,178.0
2024-09-28 15:00:00-03:00,19.2,67.0,928.6,0.0,2.9,185.0
2024-09-28 16:00:00-03:00,18.7,66.0,928.6,0.0,2.6,190.0
2024-09-28 17:00:00-03:00,18.0,69.0,928.8,0.0,2.4,182.0
2024-09-28 18:00:00-03:00,17.3,72.0,929.2,0.0,1.8,176.0
2024-09-28 19:00:00-03:00,16.9,76.0,929.9,0.0,3.1,163.0
2024-09-28 20:00:00-03:00,16.7,73.0,930.7,0.0,2.1,167.0
2024-09-28 21:00:00-03:00,16.5,73.0,931.3,0.0,2.2,166.0
2024-09-28 22:00:00-03:00,16.2,77.0,931.2,0.0,3.7,156.0
2024-09-28 23:00:00-03:00,16.4,78.0,930.9,0.0,3.7,150.0
2024-09-29 00:00:00-03:00,16.4,79.0,930.5,0.0,3.9,158.0
2024-09-29 01:00:00-03:00,16.3,77.0,930.1,0.0,2.7,148.0
2024-09-29 02:00:00-03:00,16.0,78.0,929.6,0.0,2.1,137.0
2024-09-29 03:00:00-03:00,16.0,76.0,929.3,0.0,2.0,138.0
2024-09-29 04:00:00-03:00,15.7,79.0,929.0,0.0,1.8,158.0
2024-09-29 05:00:00-03:00,16.1,77.0,929.1,0.0,2.4,143.0
2024-09-29 06:00:00-03:00,16.5,76.0,929.5,0.0,2.4,134.0
2024-09-29 07:00:00-03:00,17.1,74.0,930.2,0.0,2.8,132.0
2024-09-29 08:00:00-03:00,19.0,67.0,930.9,0.0,2.6,137.0
2024-09-29 09:00:00-03:00,21.0,62.0,931.0,0.0,2.5,130.0
2024-09-29 10:00:00-03:00,23.6,51.0,930.6,0.0,1.6,132.0
2024-09-29 11:00:00-03:00,25.5,47.0,930.1,0.0,1.9,149.0
2024-09-29 12:00:00-03:00,26.8,42.0,928.9,0.0,2.0,151.0
2024-09-29 13:00:00-03:00,28.7,37.0,927.6,0.0,1.8,220.0
2024-09-29 14:00:00-03:00,30.6,31.0,926.7,0.0,1.8,174.0
2024-09-29 15:00:00-03:00,27.9,45.0,926.6,0.0,4.0,216.0
2024-09-29 16:00:00-03:00,26.1,50.0,926.9,0.0,3.0,224.0
2024-09-29 17:00:00-03:00,22.6,62.0,927.5,0.0,2.5,236.0
2024-09-29 18:00:00-03:00,19.5,75.0,928.3,0.0,2.0,234.0
2024-09-29 19:00:00-03:00,18.9,75.0,929.1,0.0,1.7,172.0
2024-09-29 20:00:00-03:00,18.6,77.0,929.6,0.0,1.8,201.0
2024-09-29 21:00:00-03:00,18.6,79.0,930.1,0.0,1.7,180.0
2024-09-29 22:00:00-03:00,18.5,77.0,930.1,0.0,1.5,175.0
2024-09-29 23:00:00-03:00,18.3,77.0,929.8,0.0,2.5,154.0
2024-09-30 00:00:00-03:00,18.5,76.0,929.2,0.0,2.2,156.0
2024-09-30 01:00:00-03:00,18.3,79.0,928.6,0.0,2.4,139.0
2024-09-30 02:00:00-03:00,18.2,80.0,927.9,0.0,2.7,138.0
2024-09-30 03:00:00-03:00,18.3,80.0,927.7,0.0,3.1,117.0
2024-09-30 04:00:00-03:00,18.2,80.0,927.9,0.0,3.2,127.0
2024-09-30 05:00:00-03:00,18.2,80.0,928.1,0.0,2.5,122.0
2024-09-30 06:00:00-03:00,18.3,80.0,928.8,0.0,2.0,119.0
2024-09-30 07:00:00-03:00,18.7,78.0,929.6,0.0,2.4,99.0
2024-09-30 08:00:00-03:00,21.1,69.0,929.9,0.0,2.4,131.0
2024-09-30 09:00:00-03:00,22.4,63.0,929.8,0.0,2.0,124.0
2024-09-30 10:00:00-03:00,25.7,53.0,929.3,0.0,2.0,141.0
2024-09-30 11:00:00-03:00,28.6,43.0,928.6,0.0,0.3,150.0
2024-09-30 12:00:00-03:00,28.7,41.0,927.6,0.0,0.8,128.0
2024-09-30 13:00:00-03:00,32.3,28.0,926.6,0.0,1.2,177.0
2024-09-30 14:00:00-03:00,31.9,27.0,925.6,0.0,1.6,180.0
2024-09-30 15:00:00-03:00,32.4,26.0,925.1,0.0,1.8,277.0
2024-09-30 16:00:00-03:00,30.5,34.0,924.9,0.0,3.2,196.0
2024-09-30 17:00:00-03:00,26.5,53.0,925.5,0.0,3.0,217.0
2024-09-30 18:00:00-03:00,23.7,63.0,926.1,0.0,1.8,217.0
2024-09-30 19:00:00-03:00,23.0,66.0,926.4,0.0,0.6,191.0
2024-09-30 20:00:00-03:00,23.3,66.0,926.7,0.0,1.2,124.0
2024-09-30 21:00:00-03:00,,,,,,
2024-09-30 22:00:00-03:00,,,,,,
2024-09-30 23:00:00-03:00,,,,,,
